Customer ID,Signup Date,Plan,Contract,Monthly Charge,Tenure,Support Tickets,Days Since Last Login,Devices,Autopay,Payment Method,Region,Satisfaction (1-5),Cancellation Reason,Churned
12925,2025-12-04,standard,month-to-month,$34.48,10,2,0,4,yes,upi,north,4.0,service,Yes
10777,2025-11-04,Standard,two year,$41.56,11,1,6,5,yes,card,west,1.0,other,Yes
11843,2025-12-04, standard ,month-to-month,$44.62,10,2,2,5,yes,upi,west,5.0,other,Yes
12835,2025-03-09,Premium,month-to-month,$64.48,19,2,10,1,no,cash,east,5.0,other,Yes
12504,2025-09-05,BASIC,month-to-month,20.83,13 months,0,17,5,no,cash,south,1.0,,Yes
12436,2025-07-07, standard ,two year,35.92,15 months,1,23,4,yes,upi,west,4.0,,No
10143,2023-03-20, standard ,month-to-month,44.58,43 months,2,1,3,yes,cash,north,3.0,,No
10740,2023-06-18,BASIC,month-to-month,$13.27,40,0,4,1,no,cash,south,3.0,,No
12129,2025-04-08,premium,month-to-month,65.91,18 months,2,43,4,yes,card,north,3.0,competitor,Yes
11276,2025-03-09,PREMIUM,month-to-month,$70.88,19,0,0,1,no,netbanking,north,2.0,,No
10111,2024-12-09,Basic,month-to-month,$22.63,22 months,0,5,4,yes,cash,north,3.0,,No
10477,2026-05-03, standard ,one year,$36.80,5,1,17,5,yes,card,north,4.0,service,Yes
11606,2025-09-05, standard ,one year,$41.90,13 months,0,4,1,yes,upi,south,4.0,,No
11388,2025-05-08, standard ,month-to-month,44.51,17,3,5,4,yes,card,west,4.0,other,Yes
12374,2025-07-07, premium ,month-to-month,68.90,15 months,2,15,5,no,cash,east,3.0,competitor,Yes
10632,2026-05-03,basic,month-to-month,$15.69,5,0,13,3,yes,cash,south,1.0,price,Yes
11692,2026-02-02,STANDARD,month-to-month,$41.20,8,2,16,5,yes,upi,west,5.0,price,Yes
12909,2023-10-16,Standard,one year,$39.63,36,1,30,3,yes,netbanking,north,1.0,price,Yes
11467,2024-09-10, basic ,one year,15.45,25,4,9,4,yes,upi,south,1.0,moved,Yes
10231,2024-05-13,PREMIUM,two year,$69.37,29 months,2,5,4,no,upi,north,,,No
11769,2024-12-09,standard,one year,$41.86,22,3,15,4,no,upi,north,3.0,other,Yes
11448,2026-01-03,Basic,month-to-month,$16.30,9,1,20,2,yes,card,south,3.0,,Yes
10172,2025-12-04,BASIC,two year,$18.93,10 months,0,7,1,no,netbanking,west,,,No
11559,2025-11-04,basic,month-to-month,$17.00,11,2,17,5,yes,cash,north,1.0,,Yes
11565,2026-07-02,Standard,one year,$40.31,3 months,0,13,2,no,netbanking,west,2.0,,Yes
11446,2024-05-13,Basic,one year,19.78,29 months,2,6,3,yes,upi,north,4.0,,No
11112,2025-06-07,Premium,one year,$64.91,16,0,33,4,yes,netbanking,west,4.0,,No
11657,2026-04-03,BASIC,month-to-month,22.51,6,0,2,1,no,card,north,3.0,competitor,Yes
10378,2025-12-04,standard,month-to-month,$38.65,10,0,4,3,no,upi,south,1.0,service,Yes
11978,2026-05-03,STANDARD,two year,$37.38,5 months,2,4,3,yes,upi,west,2.0,competitor,Yes
11458,2025-04-08,standard,month-to-month,37.52,18 months,1,18,2,yes,cash,east,4.0,other,Yes
11084,2026-03-04,STANDARD,one year,$32.97,7 months,1,7,3,yes,netbanking,south,5.0,price,Yes
12206,2022-06-23,basic,two year,$23.69,52 months,0,13,2,yes,upi,east,3.0,,No
11102,2025-06-07,standard,month-to-month,$41.04,16,1,0,3,yes,upi,north,4.0,competitor,Yes
11940,2025-02-07, standard ,one year,$35.33,20 months,2,9,5,no,cash,south,4.0,,No
11368,2024-01-14,PREMIUM,one year,69.04,33 months,0,15,4,yes,card,north,3.0,,No
12599,2024-10-10, basic ,two year,22.83,24,2,0,1,no,netbanking,west,1.0,price,Yes
11592,2025-07-07,Basic,one year,16.86,15 months,1,18,3,yes,upi,west,2.0,other,Yes
12304,2020-12-30,STANDARD,one year,$37.68,70,0,4,4,no,upi,west,4.0,,No
10069,2025-09-05, basic ,month-to-month,$16.51,13,0,1,2,yes,upi,north,1.0,other,Yes
11517,2026-04-03,basic,two year,$21.47,6 months,1,4,2,no,card,east,2.0,competitor,Yes
12773,2024-05-13,STANDARD,month-to-month,$43.37,29,2,12,2,yes,netbanking,east,4.0,moved,Yes
12264,2023-01-19,PREMIUM,two year,$73.65,45 months,0,4,1,yes,card,west,4.0,,No
12823,2022-05-24,standard,one year,$41.70,53,0,1,4,yes,upi,north,2.0,,No
10656,2023-05-19,BASIC,one year,$24.00,41,1,9,1,yes,cash,east,5.0,,No
10144,2026-07-02, standard ,one year,35.59,3 months,2,5,4,no,cash,north,5.0,moved,Yes
11482,2024-10-10,PREMIUM,one year,$71.67,24,0,14,1,yes,card,north,1.0,,No
11197,2025-02-07, standard ,month-to-month,$44.28,20 months,1,11,1,yes,cash,north,2.0,,Yes
11836,2025-05-08, standard ,two year,$36.96,17,2,9,1,yes,cash,south,3.0,,No
10333,2023-09-16,PREMIUM,one year,$72.75,37,2,3,1,yes,card,east,3.0,,No
12605,2023-12-15,BASIC,month-to-month,$24.60,34 months,2,31,4,yes,cash,north,2.0,price,Yes
11165,2025-01-08,basic,month-to-month,20.10,21 months,1,2,5,no,netbanking,east,2.0,competitor,Yes
11313,2022-11-20,basic,month-to-month,$23.26,47,3,8,2,no,upi,south,4.0,,No
12239,2025-08-06,Standard,month-to-month,$40.74,14 months,1,10,5,yes,cash,west,2.0,,No
10102,2021-08-27, standard ,one year,40.50,62,2,16,4,no,upi,north,3.0,,No
10644,2020-10-31,BASIC,month-to-month,20.31,72 months,0,17,4,no,netbanking,east,2.0,,No
10664,2025-09-05, standard ,two year,$38.33,13,2,4,4,yes,cash,east,3.0,,No
12722,2024-09-10,premium,two year,$67.07,25,1,1,1,yes,netbanking,west,4.0,,No
10837,2024-04-13,Basic,month-to-month,18.18,30,1,14,3,yes,cash,west,4.0,,No
11896,2024-05-13,standard,month-to-month,$35.99,29,1,27,5,yes,cash,north,4.0,,No
11659,2025-11-04,basic,month-to-month,22.34,11,1,4,1,no,netbanking,west,2.0,,Yes
12732,2023-08-17,standard,two year,42.48,38,3,1,4,yes,card,east,1.0,,No
12716,2025-07-07, standard ,two year,$41.31,15 months,1,7,5,yes,netbanking,west,4.0,,No
10834,2023-02-18,BASIC,month-to-month,$20.01,44 months,0,9,2,yes,cash,south,4.0,,No
12191,2026-03-04, premium ,one year,$69.65,7 months,2,14,5,no,upi,west,3.0,other,Yes
11650,2024-01-14,Premium,month-to-month,$70.32,33,1,42,5,yes,cash,north,2.0,other,Yes
12669,2025-06-07,premium,month-to-month,69.35,16,0,9,5,yes,card,east,2.0,service,Yes
12767,2026-04-03,Standard,month-to-month,$35.79,6,2,19,5,yes,netbanking,north,5.0,,No
10260,2024-12-09,Standard,two year,$41.30,22 months,1,3,3,yes,cash,west,,,No
10524,2025-10-05, standard ,one year,39.08,12 months,0,14,5,yes,card,west,4.0,,No
12541,2026-01-03, standard ,month-to-month,$38.69,9 months,0,1,4,no,netbanking,south,5.0,,No
12221,2023-01-19, basic ,month-to-month,19.34,45 months,0,4,5,yes,cash,west,5.0,,No
11551,2025-02-07,Premium,month-to-month,$69.97,20,1,4,5,no,upi,west,5.0,,No
10489,2024-11-09,standard,one year,$32.34,23 months,3,6,3,yes,cash,west,5.0,service,Yes
12021,2026-05-03,standard,one year,36.85,5 months,0,6,3,no,netbanking,west,3.0,,No
10530,2025-03-09,basic,month-to-month,$22.94,19 months,1,7,5,yes,card,east,2.0,moved,Yes
10153,2025-06-07,STANDARD,month-to-month,41.50,16 months,0,7,3,yes,upi,east,5.0,,No
12831,2025-08-06,Standard,month-to-month,$41.99,14,1,23,4,no,netbanking,west,5.0,other,Yes
12434,2024-11-09,standard,month-to-month,$39.60,23 months,1,5,2,no,upi,south,4.0,moved,Yes
12578,2026-01-03,STANDARD,month-to-month,$39.43,9 months,2,1,5,no,cash,south,1.0,price,Yes
10967,2024-03-14,Basic,month-to-month,$19.79,31,2,5,3,no,cash,east,1.0,,No
11315,2024-05-13,BASIC,month-to-month,22.68,29,0,1,3,yes,card,east,4.0,,No
10531,2023-04-19,BASIC,month-to-month,$17.44,42,1,7,3,no,card,north,3.0,,No
12825,2025-04-08,PREMIUM,month-to-month,71.54,18 months,1,12,3,yes,card,south,3.0,,No
12253,2025-12-04,Basic,month-to-month,$15.69,10 months,3,5,1,yes,cash,north,3.0,service,Yes
12090,2024-04-13,basic,one year,$18.07,30,1,23,2,yes,netbanking,west,2.0,,No
11248,2026-03-04, standard ,month-to-month,$42.53,7,0,11,1,no,card,east,4.0,competitor,Yes
10237,2025-11-04, basic ,one year,$13.55,11 months,3,22,2,no,cash,east,1.0,price,Yes
11874,2025-08-06,Standard,month-to-month,39.33,14,1,11,3,yes,netbanking,east,5.0,moved,Yes
11436,2023-12-15, basic ,month-to-month,$21.45,34 months,0,3,5,no,card,south,1.0,,No
11489,2025-05-08,Basic,month-to-month,$21.92,17 months,1,6,3,yes,cash,south,2.0,,No
11856,2024-10-10,standard,one year,$34.57,24,1,5,1,no,cash,east,5.0,,No
10756,2021-12-25,premium,month-to-month,$71.56,58 months,1,4,4,no,cash,east,2.0,,No
12570,2022-04-24,STANDARD,month-to-month,$43.14,54 months,1,2,3,yes,upi,east,3.0,other,Yes
12490,2024-02-13, basic ,two year,$17.48,32 months,1,10,5,no,cash,east,2.0,other,Yes
11478,2024-10-10, standard ,two year,$42.31,24 months,0,2,1,yes,card,south,5.0,,No
12698,2025-11-04, standard ,month-to-month,$34.49,11,1,19,2,yes,card,east,2.0,other,Yes
10108,2025-12-04,basic,month-to-month,$21.24,10,1,12,1,no,card,east,3.0,competitor,Yes
10080,2026-02-02,BASIC,month-to-month,$20.66,8,1,3,2,yes,upi,north,5.0,,No
11799,2023-08-17, standard ,one year,39.02,38 months,1,22,3,yes,upi,north,3.0,,No
10585,2026-08-01,Basic,month-to-month,23.41,2,3,5,4,no,netbanking,north,2.0,price,Yes
11607,2024-11-09,BASIC,month-to-month,$23.73,23 months,1,26,1,yes,upi,south,2.0,,No
10469,2025-05-08,standard,two year,41.12,17,1,15,2,yes,card,east,4.0,,No
11811,2025-10-05,STANDARD,month-to-month,41.14,12,1,4,1,no,card,south,4.0,price,Yes
12745,2025-03-09,standard,one year,$36.11,19,1,9,3,no,cash,west,2.0,,No
10550,2024-12-09,Standard,one year,40.21,22 months,3,4,4,yes,netbanking,east,4.0,,No
12985,2023-07-18,STANDARD,two year,$36.75,39,0,2,5,no,upi,west,5.0,,No
10581,2024-03-14, premium ,one year,$68.14,31 months,2,25,4,yes,cash,west,1.0,competitor,Yes
12004,2024-09-10, standard ,month-to-month,$39.65,25 months,2,4,1,yes,card,south,1.0,other,Yes
12726,2026-03-04,basic,one year,$19.69,7 months,1,5,3,yes,card,east,4.0,,No
10935,2024-01-14,STANDARD,one year,$40.47,33,1,2,1,no,netbanking,west,5.0,,No
12521,2023-05-19,Basic,month-to-month,$23.29,41,0,47,1,yes,upi,south,1.0,,No
11537,2022-10-21, basic ,one year,17.69,48 months,3,6,2,no,cash,east,2.0,,No
12063,2025-01-08, standard ,month-to-month,40.43,21 months,0,6,3,no,card,north,5.0,,No
12163,2025-02-07,basic,one year,$21.33,20,4,36,5,no,card,south,4.0,,No
12635,2024-12-09, basic ,month-to-month,$18.24,22,3,3,1,no,card,south,2.0,moved,Yes
12428,2025-02-07,PREMIUM,month-to-month,$70.72,20,3,2,5,no,cash,south,4.0,,No
10788,2025-08-06, basic ,month-to-month,$18.97,14,2,19,1,yes,netbanking,west,3.0,,Yes
11325,2024-07-12,Standard,one year,$39.33,27,2,3,1,yes,card,west,5.0,,No
12945,2021-12-25,basic,one year,19.33,58,3,12,4,no,card,north,2.0,,No
11495,2024-11-09,Basic,two year,$22.72,23,1,4,4,no,card,east,2.0,,No
12158,2022-09-21,BASIC,one year,$21.52,49 months,2,27,3,yes,netbanking,north,,,No
11774,2026-02-02,STANDARD,month-to-month,$45.33,8,1,4,3,no,upi,east,5.0,price,Yes
12289,2022-06-23,standard,month-to-month,39.06,52,0,51,4,yes,netbanking,south,2.0,service,Yes
12050,2026-03-04,STANDARD,one year,$39.28,7,2,14,1,yes,card,west,1.0,other,Yes
10356,2025-04-08,standard,one year,$38.85,18,2,13,1,yes,cash,east,2.0,,No
11257,2025-07-07,BASIC,month-to-month,$14.61,15 months,2,7,1,yes,cash,east,5.0,,No
10973,2024-01-14,premium,one year,71.16,33 months,2,10,3,no,cash,east,3.0,,No
10019,2024-12-09,basic,two year,$18.73,22 months,4,3,5,yes,cash,south,5.0,,No
11723,2024-04-13,standard,month-to-month,$38.68,30,0,3,5,no,netbanking,south,,,No
12760,2022-08-22,STANDARD,month-to-month,37.33,50 months,0,20,1,yes,cash,south,3.0,,No
10055,2025-04-08,STANDARD,two year,41.26,18,2,37,5,no,netbanking,west,1.0,moved,Yes
10528,2026-07-02, basic ,month-to-month,$21.29,3,3,14,4,no,upi,east,4.0,competitor,Yes
11088,2025-11-04,Basic,month-to-month,$19.00,11 months,0,4,2,yes,netbanking,west,1.0,other,Yes
11146,2020-10-31,BASIC,month-to-month,$21.00,72,1,18,5,no,card,south,5.0,,No
12859,2025-10-05,Standard,one year,$46.02,12,0,17,2,no,card,east,1.0,,No
10063,2025-11-04,BASIC,month-to-month,$19.72,11 months,2,1,2,yes,upi,north,1.0,moved,Yes
12561,2022-03-25,STANDARD,one year,$42.87,55,1,1,4,no,cash,west,2.0,,No
11985,2026-06-02,Premium,month-to-month,75.44,4,3,13,2,yes,card,south,3.0,,Yes
10558,2026-06-02,basic,month-to-month,$15.61,4,0,9,5,no,netbanking,east,2.0,other,Yes
11778,2025-12-04, premium ,month-to-month,76.12,10,1,3,3,no,cash,north,1.0,competitor,Yes
10832,2025-03-09,Standard,one year,$42.51,19,2,4,3,yes,card,west,4.0,moved,Yes
10064,2025-09-05,Premium,one year,68.73,13 months,3,3,2,yes,netbanking,east,4.0,,No
10908,2025-06-07,BASIC,month-to-month,23.34,16 months,0,44,1,yes,cash,north,3.0,competitor,Yes
10915,2020-10-31, premium ,month-to-month,70.69,72,1,6,1,yes,card,south,3.0,,No
11717,2025-09-05,Basic,one year,$18.32,13 months,1,13,5,yes,netbanking,north,2.0,price,Yes
11209,2022-10-21,Standard,month-to-month,$39.64,48 months,4,14,2,yes,netbanking,south,5.0,,No
10219,2025-08-06, standard ,two year,39.80,14 months,1,0,5,yes,cash,west,3.0,,No
12843,2022-07-23,premium,one year,$73.67,51,4,0,4,no,cash,north,3.0,,No
11261,2022-09-21,Standard,one year,42.47,49,0,13,3,yes,upi,east,,,No
10521,2025-01-08,premium,month-to-month,$67.70,21,1,7,4,no,netbanking,south,4.0,,No
12998,2025-03-09,PREMIUM,two year,$70.68,19 months,1,19,3,yes,upi,south,4.0,,No
12695,2024-08-11,STANDARD,one year,$37.11,26 months,2,9,1,yes,card,north,5.0,,No
10099,2026-05-03,Premium,month-to-month,$75.13,5,4,8,5,yes,cash,east,5.0,service,Yes
10808,2025-10-05, premium ,month-to-month,$69.15,12 months,1,6,1,yes,netbanking,south,3.0,,Yes
10016,2025-05-08, standard ,two year,37.89,17,1,5,4,no,card,west,1.0,,No
10684,2025-07-07,BASIC,month-to-month,$24.03,15,0,19,5,no,cash,west,3.0,price,Yes
10159,2026-05-03,STANDARD,one year,$44.61,5 months,1,14,5,yes,netbanking,west,2.0,price,Yes
10622,2023-04-19,premium,two year,72.16,42,1,31,4,yes,cash,south,2.0,,No
11358,2025-09-05, standard ,one year,$39.62,13 months,1,9,4,yes,upi,north,1.0,competitor,Yes
12229,2026-01-03,standard,month-to-month,$37.19,9,1,9,2,yes,upi,north,2.0,service,Yes
11125,2025-07-07,STANDARD,two year,$39.22,15,1,12,5,no,netbanking,north,,,No
12968,2026-01-03,basic,month-to-month,$20.18,9 months,1,21,4,no,cash,south,1.0,competitor,Yes
10921,2026-08-01,Basic,two year,17.56,2,0,21,3,no,card,west,,service,Yes
11675,2025-05-08,standard,two year,$36.16,17 months,1,4,3,yes,upi,west,4.0,,No
12535,2025-01-08, standard ,one year,$38.85,21,1,5,5,yes,upi,north,5.0,,No
12789,2023-06-18, premium ,month-to-month,$72.14,40,1,9,5,yes,netbanking,west,1.0,moved,Yes
11461,2025-06-07,BASIC,two year,$22.19,16,1,7,5,yes,netbanking,east,2.0,,No
11620,2024-11-09,Standard,two year,$39.99,23 months,3,6,5,yes,upi,west,,,No
10600,2023-12-15,standard,month-to-month,$43.19,34 months,3,15,2,no,cash,east,5.0,,No
10840,2023-12-15,Basic,month-to-month,17.42,34 months,1,6,1,no,cash,west,3.0,moved,Yes
10291,2025-06-07,Basic,one year,19.45,16 months,1,17,4,yes,upi,west,5.0,service,Yes
11824,2025-08-06, premium ,two year,$72.07,14 months,1,13,5,no,cash,west,4.0,,No
11105,2026-07-02,basic,two year,$21.93,3,0,4,2,yes,upi,north,5.0,,No
10503,2025-10-05, standard ,month-to-month,$37.54,12 months,1,1,4,no,cash,north,5.0,,No
11611,2024-10-10,Premium,month-to-month,$64.79,24 months,2,2,5,yes,netbanking,west,3.0,competitor,Yes
11772,2024-11-09, premium ,month-to-month,74.53,23 months,0,20,2,no,netbanking,east,5.0,moved,Yes
10369,2023-11-15,BASIC,month-to-month,$19.67,35 months,2,2,4,no,netbanking,west,4.0,price,Yes
11854,2025-02-07,Premium,month-to-month,$69.03,20 months,1,5,4,yes,upi,west,,moved,Yes
12066,2026-05-03, standard ,month-to-month,$39.06,5,0,42,1,yes,netbanking,east,3.0,other,Yes
11744,2024-12-09, premium ,month-to-month,65.24,22,0,5,2,yes,card,west,2.0,,No
10759,2021-05-29,Basic,month-to-month,$22.88,65,5,16,1,no,cash,west,4.0,,No
11572,2024-12-09,Standard,month-to-month,39.38,22 months,0,12,2,no,upi,north,1.0,,No
11143,2026-06-02,basic,one year,22.05,4,2,2,1,yes,netbanking,north,3.0,,No
11455,2024-08-11,Standard,one year,$40.30,26,1,0,3,no,netbanking,south,5.0,,No
12209,2025-10-05,standard,month-to-month,36.09,12 months,3,8,1,no,upi,east,4.0,,No
11098,2024-06-12,standard,month-to-month,$37.36,28 months,0,9,4,yes,upi,east,5.0,,No
11694,2023-07-18,standard,one year,40.15,39 months,2,7,4,yes,upi,west,2.0,,No
12604,2024-07-12, standard ,two year,$44.41,27 months,1,9,3,yes,cash,east,5.0,,No
10266,2024-10-10,STANDARD,one year,$40.13,24 months,2,2,5,no,card,east,3.0,,No
11168,2025-10-05, standard ,month-to-month,$39.10,12 months,2,5,3,yes,netbanking,south,,other,Yes
12550,2026-05-03,Premium,two year,73.42,5 months,0,2,5,no,card,east,1.0,,No
10799,2021-09-26, premium ,one year,67.64,61 months,1,0,5,no,cash,east,3.0,,No
10123,2024-05-13,BASIC,two year,23.63,29 months,3,1,4,no,netbanking,west,5.0,,No
11802,2026-04-03, standard ,month-to-month,$38.00,6 months,1,0,2,no,netbanking,north,1.0,price,Yes
10495,2020-10-31, basic ,two year,$20.31,72 months,1,5,2,no,card,south,2.0,,Yes
11271,2024-07-12,standard,two year,41.60,27 months,4,3,2,no,netbanking,west,1.0,competitor,Yes
11618,2024-11-09,Standard,two year,38.51,23,1,9,2,yes,card,south,5.0,,No
11946,2025-07-07, basic ,month-to-month,$21.43,15 months,1,1,3,no,netbanking,west,3.0,,No
10314,2023-09-16,STANDARD,two year,40.65,37 months,2,0,4,yes,cash,east,4.0,,No
11232,2024-08-11,STANDARD,one year,$34.74,26 months,1,2,3,no,upi,west,3.0,,No
10464,2024-08-11, standard ,month-to-month,$39.59,26 months,0,18,4,no,cash,north,5.0,,No
12270,2024-10-10,standard,month-to-month,$40.13,24,2,0,1,yes,upi,west,5.0,,No
10337,2025-09-05,basic,month-to-month,24.12,13,1,2,1,no,netbanking,west,2.0,,No
12367,2025-12-04,STANDARD,month-to-month,$38.96,10 months,1,26,2,yes,card,west,2.0,moved,Yes
12723,2022-10-21,basic,month-to-month,$19.58,48,2,22,5,yes,netbanking,west,5.0,,No
10241,2025-10-05, standard ,one year,$39.15,12 months,0,1,2,no,netbanking,east,5.0,,No
11813,2025-04-08, standard ,month-to-month,33.48,18 months,1,31,2,no,card,north,1.0,moved,Yes
11227,2022-10-21,Standard,month-to-month,$38.12,48,0,2,3,no,card,east,5.0,,No
10862,2025-02-07, premium ,two year,71.08,20,1,21,3,yes,card,west,4.0,price,Yes
12647,2025-05-08,premium,month-to-month,$67.17,17 months,0,9,1,no,upi,north,,price,Yes
10856,2024-01-14,basic,one year,17.99,33 months,1,15,4,yes,netbanking,south,3.0,other,Yes
12460,2025-08-06, premium ,one year,66.97,14,1,7,2,no,upi,south,1.0,,No
10825,2023-11-15,basic,month-to-month,$23.93,35,1,3,1,no,cash,south,4.0,competitor,Yes
12249,2025-05-08,STANDARD,month-to-month,$40.08,17 months,2,35,1,yes,netbanking,south,4.0,,No
12992,2025-09-05,Standard,two year,$35.56,13,3,2,2,no,netbanking,west,2.0,,No
11981,2025-06-07,Premium,month-to-month,70.66,16 months,0,116,2,yes,cash,north,3.0,service,Yes
10650,2022-08-22,Basic,month-to-month,$14.13,50 months,0,25,2,yes,netbanking,west,5.0,,No
12123,2025-12-04, standard ,month-to-month,$39.82,10,9,21,1,no,card,west,2.0,other,Yes
11821,2026-02-02,STANDARD,month-to-month,$43.50,8 months,1,3,4,yes,upi,north,5.0,,No
12511,2022-06-23,Premium,two year,$69.30,52,1,35,5,yes,cash,west,1.0,,No
10552,2025-06-07, basic ,one year,14.34,16 months,3,8,1,no,card,east,,price,Yes
10271,2023-12-15, premium ,month-to-month,$71.19,34 months,3,0,5,yes,netbanking,west,2.0,moved,Yes
10281,2025-07-07,standard,month-to-month,39.11,15,3,1,1,yes,netbanking,west,1.0,other,Yes
10113,2025-10-05,basic,month-to-month,$24.30,12,1,30,3,yes,card,west,1.0,,Yes
10158,2022-06-23, basic ,one year,21.04,52,2,7,5,yes,cash,east,2.0,,No
12792,2023-09-16, premium ,month-to-month,63.70,37 months,2,3,4,yes,netbanking,west,,,No
12539,2025-06-07, premium ,month-to-month,$70.15,16 months,0,29,2,yes,netbanking,west,3.0,,No
11230,2023-05-19,Standard,two year,$38.97,41 months,1,6,1,no,cash,south,1.0,,No
10957,2024-12-09,basic,one year,$25.30,22,2,8,3,no,upi,west,1.0,competitor,Yes
12315,2024-07-12,standard,two year,$43.99,27,1,10,3,yes,upi,south,5.0,,No
12290,2025-04-08, standard ,month-to-month,$42.66,18 months,2,9,1,yes,upi,east,2.0,moved,Yes
10653,2026-06-02,BASIC,one year,$18.89,4,0,4,5,yes,card,south,2.0,,No
10457,2025-04-08,PREMIUM,month-to-month,$64.19,18,1,43,1,yes,cash,east,5.0,other,Yes
12247,2025-09-05,STANDARD,one year,$36.92,13,0,0,5,yes,cash,north,3.0,,No
12020,2026-05-03,Basic,one year,$16.32,5 months,2,20,5,yes,upi,east,,,No
11764,2026-02-02,Basic,two year,$25.02,8,1,4,5,no,netbanking,south,,,No
10342,2026-03-04,Standard,month-to-month,$37.85,7 months,2,2,3,no,upi,north,1.0,moved,Yes
10987,2025-10-05,BASIC,month-to-month,$23.07,12 months,0,13,3,yes,netbanking,east,,,No
10869,2023-03-20,Basic,month-to-month,21.95,43 months,3,1,3,yes,cash,north,2.0,service,Yes
12228,2025-01-08, standard ,month-to-month,$37.28,21 months,0,9,3,yes,netbanking,south,2.0,,No
12382,2021-07-28,premium,month-to-month,$64.68,63 months,1,4,1,yes,upi,west,4.0,,No
11689,2025-06-07,Standard,two year,$39.09,16 months,1,9,2,yes,netbanking,north,,,No
10672,2026-03-04,PREMIUM,one year,$73.86,7,0,2,2,no,upi,north,2.0,,No
11686,2025-04-08,standard,month-to-month,$39.70,18,0,1,5,no,upi,east,4.0,,No
11345,2025-07-07,basic,month-to-month,$21.06,15,1,2,2,yes,upi,south,3.0,price,Yes
10708,2024-09-10, basic ,month-to-month,$19.44,25 months,0,2,4,yes,upi,west,,competitor,Yes
10586,2025-09-05, basic ,month-to-month,$21.05,13,4,10,3,no,netbanking,north,2.0,other,Yes
10242,2023-06-18, standard ,two year,$31.94,40,0,4,5,yes,netbanking,west,3.0,,No
12044,2024-03-14,Basic,month-to-month,$17.23,31,2,1,4,yes,cash,west,5.0,,No
10028,2024-09-10, standard ,month-to-month,$40.31,25,2,2,2,yes,card,south,1.0,other,Yes
11005,2025-07-07,premium,two year,67.94,15 months,0,34,3,no,upi,east,3.0,,No
12007,2025-05-08,basic,two year,$23.99,17,1,2,3,yes,upi,west,3.0,,No
12786,2025-02-07,Standard,month-to-month,39.85,20 months,1,28,5,no,cash,east,5.0,,No
10481,2025-11-04,Standard,month-to-month,$39.35,11,1,3,2,yes,upi,north,3.0,,No
12433,2026-07-02,standard,one year,44.80,3 months,0,1,5,no,netbanking,west,5.0,,No
12192,2022-12-20,BASIC,month-to-month,$24.79,46,0,14,2,no,netbanking,south,3.0,competitor,Yes
12230,2024-10-10, basic ,month-to-month,$22.47,24 months,0,10,3,yes,card,east,1.0,price,Yes
11081,2024-12-09,standard,month-to-month,$44.24,22,2,8,4,yes,upi,east,2.0,,Yes
11377,2023-05-19,standard,month-to-month,41.05,41 months,1,44,1,yes,cash,north,3.0,,Yes
10313,2025-12-04,basic,one year,$18.40,10,0,3,2,no,upi,north,4.0,,No
10945,2024-09-10,Premium,two year,$65.96,25 months,1,26,1,no,card,west,3.0,,No
10538,2025-04-08,BASIC,month-to-month,20.06,18,2,0,5,yes,netbanking,west,4.0,service,Yes
11795,2025-12-04, basic ,month-to-month,23.37,10 months,2,10,1,yes,upi,east,4.0,,No
12742,2024-06-12,basic,two year,$22.59,28 months,1,13,3,no,upi,east,5.0,,No
12461,2023-02-18,PREMIUM,month-to-month,$72.00,44,1,8,3,yes,cash,north,4.0,,No
12127,2025-11-04,standard,month-to-month,$40.77,11 months,3,0,4,yes,card,north,4.0,other,Yes
12114,2026-06-02,standard,one year,34.99,4,0,8,5,yes,upi,south,4.0,moved,Yes
11853,2025-06-07,basic,one year,$22.67,16 months,0,7,1,yes,netbanking,west,3.0,,No
11703,2025-07-07,basic,two year,$9.40,15 months,0,3,5,yes,upi,west,1.0,moved,Yes
10577,2025-07-07,basic,one year,$21.12,15 months,1,42,4,no,netbanking,north,5.0,,No
11735,2025-05-08,BASIC,one year,$21.34,17,1,7,5,yes,netbanking,north,5.0,,No
10205,2023-10-16, basic ,month-to-month,$13.69,36,1,5,4,no,upi,west,4.0,,No
12613,2025-09-05,STANDARD,two year,$36.99,13 months,0,3,2,no,card,south,5.0,service,Yes
11787,2024-07-12, premium ,one year,72.40,27,0,6,5,yes,netbanking,south,2.0,,No
11051,2026-04-03, standard ,month-to-month,$38.07,6,0,17,4,yes,upi,south,2.0,,No
10348,2024-08-11, basic ,month-to-month,$24.23,26 months,1,3,1,no,upi,west,2.0,competitor,Yes
10476,2024-04-13,BASIC,month-to-month,14.68,30,0,20,1,yes,netbanking,north,4.0,,No
10132,2026-03-04,standard,month-to-month,$42.35,7,0,4,5,yes,upi,east,4.0,other,Yes
11636,2025-10-05, basic ,month-to-month,$14.34,12,0,2,5,no,card,south,1.0,service,Yes
11501,2022-05-24, standard ,month-to-month,$36.79,53 months,0,7,3,yes,card,west,4.0,,No
12118,2023-04-19, basic ,month-to-month,$18.06,42 months,2,2,4,yes,card,east,4.0,,No
10522,2025-06-07,Standard,one year,$33.69,16 months,0,35,2,yes,netbanking,east,4.0,,No
10085,2023-10-16, premium ,two year,61.72,36 months,0,22,2,yes,cash,west,2.0,,No
11353,2025-08-06, standard ,two year,$39.91,14 months,2,17,4,no,netbanking,south,3.0,,Yes
12031,2026-07-02,Premium,month-to-month,$67.27,3 months,3,12,5,yes,cash,west,1.0,,No
12466,2023-12-15,BASIC,month-to-month,$16.52,34,2,16,2,no,upi,east,2.0,other,Yes
11521,2026-06-02,Basic,two year,$19.92,4,3,4,4,yes,netbanking,east,5.0,,No
12846,2025-12-04,STANDARD,month-to-month,$41.41,10 months,1,4,4,no,upi,north,4.0,competitor,Yes
10557,2025-02-07,BASIC,two year,20.29,20,0,2,1,yes,cash,south,3.0,,No
11552,2024-08-11,PREMIUM,month-to-month,$71.97,26 months,1,55,1,yes,netbanking,north,1.0,other,Yes
11073,2023-07-18,Standard,two year,$40.37,39,1,4,5,no,upi,south,1.0,,No
10077,2025-04-08,Basic,one year,19.38,18,0,15,4,yes,upi,north,5.0,,No
12887,2023-11-15, basic ,two year,$23.24,35 months,4,6,4,no,cash,west,2.0,,No
10094,2024-02-13,premium,month-to-month,$68.93,32 months,3,31,3,no,card,west,1.0,other,Yes
10612,2025-04-08,standard,two year,39.36,18 months,1,22,4,no,upi,east,5.0,,No
11576,2025-07-07, basic ,one year,$23.20,15,1,0,1,no,netbanking,east,1.0,moved,Yes
10138,2025-11-04,Basic,month-to-month,$17.69,11 months,0,29,4,yes,cash,south,2.0,service,Yes
11714,2026-08-01, premium ,month-to-month,69.07,2,0,37,5,no,upi,north,2.0,moved,Yes
11792,2021-08-27,premium,month-to-month,$62.82,62,3,11,4,no,netbanking,south,3.0,price,Yes
11758,2025-04-08,Premium,month-to-month,75.09,18,0,10,3,yes,cash,south,1.0,,No
12955,2024-02-13,basic,two year,$26.29,32,2,1,2,no,card,east,,,No
11262,2026-03-04, premium ,one year,$69.83,7,1,33,5,yes,netbanking,south,4.0,,Yes
12484,2025-12-04, basic ,month-to-month,17.21,10 months,1,16,2,yes,upi,south,3.0,moved,Yes
10506,2025-01-08,basic,one year,$15.89,21 months,1,9,2,yes,card,west,1.0,,No
10261,2025-05-08,Standard,one year,$43.02,17 months,2,18,5,yes,card,south,4.0,,No
10763,2024-01-14,PREMIUM,one year,69.15,33,1,11,2,yes,upi,west,5.0,,No
12833,2026-06-02,STANDARD,two year,37.69,4,2,4,4,no,netbanking,east,2.0,,No
10647,2023-06-18,PREMIUM,month-to-month,$75.97,40 months,1,2,2,no,netbanking,east,5.0,,No
12049,2024-04-13,premium,month-to-month,$70.61,30,1,21,4,no,card,south,2.0,moved,Yes
11941,2024-04-13, premium ,month-to-month,$69.41,30,1,14,5,yes,upi,north,2.0,,No
12025,2025-04-08, basic ,month-to-month,22.53,18 months,0,36,2,yes,card,east,,,No
12956,2024-10-10,PREMIUM,month-to-month,$65.15,24 months,1,36,3,no,cash,north,5.0,moved,Yes
12837,2025-12-04, premium ,month-to-month,$68.79,10,0,39,4,no,upi,east,3.0,other,Yes
12069,2022-07-23,PREMIUM,one year,68.52,51,4,16,1,no,cash,west,2.0,service,Yes
12746,2026-01-03,standard,one year,$42.15,9 months,1,3,1,yes,upi,west,1.0,competitor,Yes
10073,2021-10-26, basic ,one year,17.80,60 months,1,29,2,no,upi,south,5.0,,No
10228,2023-07-18, standard ,two year,42.76,39 months,2,11,1,no,cash,west,1.0,,No
11528,2024-08-11, basic ,two year,18.59,26 months,1,4,5,no,upi,east,3.0,,No
12446,2024-10-10,basic,one year,$22.09,24,1,4,4,yes,upi,west,2.0,,No
10516,2022-03-25, premium ,two year,$70.51,55 months,2,15,4,yes,card,west,,,No
11381,2024-10-10, basic ,month-to-month,$13.67,24 months,3,12,3,yes,card,west,5.0,,No
10994,2023-11-15,Premium,month-to-month,$70.21,35,2,1,3,no,cash,south,3.0,,Yes
12051,2026-03-04,Premium,one year,72.66,7,1,4,1,yes,netbanking,east,3.0,,No
12536,2024-12-09,Basic,month-to-month,$23.26,22,3,0,1,no,netbanking,east,2.0,other,Yes
12447,2025-06-07,STANDARD,two year,$38.13,16,1,8,2,no,card,east,4.0,,No
10130,2024-05-13,premium,month-to-month,$71.84,29,1,4,1,yes,upi,east,5.0,price,Yes
10468,2024-01-14,premium,month-to-month,$75.68,33 months,2,14,4,yes,card,north,4.0,price,Yes
12089,2026-02-02,basic,month-to-month,$21.36,8 months,1,10,3,yes,cash,north,1.0,,No
12982,2024-08-11, basic ,month-to-month,$24.20,26,1,10,2,yes,cash,north,,,No
10339,2025-06-07,BASIC,month-to-month,$19.91,16,2,4,5,yes,cash,west,2.0,other,Yes
12630,2025-08-06,Premium,two year,$69.49,14 months,1,37,1,yes,card,north,4.0,,Yes
11249,2025-07-07,Premium,month-to-month,$72.23,15,1,4,3,yes,netbanking,west,1.0,price,Yes
11864,2025-12-04,Basic,two year,$21.75,10,0,6,5,yes,card,west,1.0,other,Yes
10222,2024-11-09,basic,two year,$20.45,23 months,1,3,5,no,upi,east,2.0,,No
11344,2025-09-05,Basic,one year,$20.77,13 months,0,12,4,yes,card,south,4.0,,No
11491,2021-06-28, basic ,month-to-month,21.01,64 months,2,5,1,yes,netbanking,south,5.0,,No
10734,2022-04-24,basic,two year,24.02,54,1,10,1,yes,upi,east,2.0,,No
12470,2025-09-05,BASIC,two year,$21.07,13 months,0,36,1,no,cash,west,1.0,moved,Yes
12781,2025-12-04,BASIC,two year,17.31,10,0,1,3,no,netbanking,north,1.0,,No
11541,2026-06-02,premium,two year,$68.01,4,1,12,5,no,cash,east,4.0,,No
11838,2025-10-05,Standard,month-to-month,$35.92,12,2,3,2,no,card,south,2.0,,No
12884,2026-03-04,Standard,two year,$43.26,7 months,0,78,2,no,netbanking,south,2.0,competitor,Yes
11894,2026-06-02,STANDARD,one year,41.18,4 months,0,3,4,yes,upi,west,2.0,,No
11796,2025-08-06,Basic,one year,16.01,14,0,3,5,yes,upi,south,4.0,,No
10737,2023-04-19,standard,one year,$38.21,42,0,14,2,no,cash,north,1.0,,No
10970,2024-05-13,Standard,month-to-month,$38.89,29,0,12,1,yes,netbanking,west,,,No
12175,2025-08-06,STANDARD,two year,$36.68,14,2,4,5,yes,card,south,4.0,,No
12519,2022-12-20,Basic,one year,$22.92,46 months,0,2,1,yes,cash,east,1.0,,No
10005,2025-04-08,Basic,month-to-month,$23.33,18 months,3,9,3,yes,netbanking,east,1.0,other,Yes
12895,2024-10-10,STANDARD,two year,$34.64,24 months,4,8,5,no,cash,east,5.0,moved,Yes
12783,2021-07-28,Standard,one year,$35.32,63,1,14,4,no,cash,west,3.0,,No
12559,2026-04-03, basic ,month-to-month,$17.53,6 months,0,5,1,yes,netbanking,east,2.0,other,Yes
10070,2025-08-06,Premium,one year,74.90,14 months,0,1,5,yes,cash,north,5.0,,No
11182,2025-06-07, premium ,month-to-month,65.84,16 months,3,13,2,no,card,south,3.0,,No
12764,2023-04-19, premium ,month-to-month,72.64,42 months,2,0,5,no,netbanking,north,1.0,moved,Yes
10827,2025-08-06,basic,one year,$14.27,14,1,16,1,no,netbanking,east,2.0,,No
11933,2026-07-02,basic,month-to-month,$14.70,3 months,0,47,4,yes,netbanking,west,4.0,service,Yes
12543,2026-08-31,standard,one year,$42.37,1 months,1,33,2,no,cash,north,2.0,,No
12651,2024-11-09,standard,one year,36.89,23 months,2,2,5,yes,upi,north,2.0,,No
11158,2025-03-09,standard,month-to-month,$34.08,19 months,2,23,5,no,cash,south,4.0,other,Yes
12045,2023-06-18,Premium,month-to-month,$72.47,40 months,0,16,4,yes,upi,north,1.0,,No
10473,2020-10-31, basic ,month-to-month,16.87,72,2,13,2,no,netbanking,west,2.0,,No
12333,2022-06-23,Basic,month-to-month,$15.72,52 months,1,10,2,yes,card,north,5.0,,No
10049,2025-07-07,STANDARD,month-to-month,$39.51,15 months,0,29,4,no,card,north,2.0,service,Yes
10254,2025-05-08,STANDARD,month-to-month,40.94,17 months,1,3,3,yes,netbanking,east,5.0,,No
12948,2024-12-09,BASIC,one year,$16.12,22 months,2,22,2,yes,upi,north,2.0,other,Yes
12425,2025-11-04,Basic,month-to-month,$20.21,11,2,13,4,no,upi,west,3.0,service,Yes
11538,2026-05-03,premium,month-to-month,71.46,5 months,2,3,3,yes,card,west,5.0,price,Yes
11720,2024-08-11, basic ,one year,23.80,26 months,1,26,5,yes,cash,east,2.0,,No
10083,2025-02-07,basic,one year,22.21,20 months,1,7,5,no,card,north,5.0,,No
12035,2025-09-05,STANDARD,month-to-month,41.29,13,1,6,1,yes,cash,south,1.0,competitor,Yes
12626,2025-04-08, basic ,two year,$22.58,18 months,1,7,5,yes,cash,south,4.0,moved,Yes
10061,2024-12-09, premium ,one year,73.65,22 months,1,18,1,no,upi,west,4.0,,No
10024,2022-08-22,Standard,month-to-month,$36.02,50 months,0,2,5,no,cash,south,4.0,service,Yes
11477,2020-10-31, premium ,month-to-month,$70.24,72,1,8,4,yes,netbanking,north,5.0,,No
12649,2026-02-02, basic ,one year,17.03,8 months,1,4,2,yes,cash,south,2.0,,No
11852,2025-07-07, standard ,two year,$39.16,15,0,5,4,no,netbanking,north,2.0,,No
12943,2026-01-03,basic,month-to-month,$19.65,9,1,14,5,no,netbanking,south,5.0,other,Yes
11012,2023-07-18, standard ,two year,$42.98,39,1,11,5,no,netbanking,south,1.0,,No
12522,2025-09-05,basic,month-to-month,$16.52,13,2,25,4,no,upi,north,4.0,,Yes
11282,2024-08-11,BASIC,month-to-month,19.29,26 months,1,38,4,no,netbanking,north,2.0,price,Yes
12188,2025-07-07,STANDARD,month-to-month,$46.04,15,1,14,5,no,cash,east,,price,Yes
10782,2023-03-20,standard,two year,$40.66,43 months,0,43,3,no,upi,south,2.0,,No
12912,2025-08-06,STANDARD,month-to-month,$43.11,14 months,4,1,1,no,netbanking,north,4.0,competitor,Yes
11643,2024-07-12,STANDARD,one year,$39.66,27,2,17,2,no,card,north,2.0,other,Yes
11505,2025-05-08,basic,month-to-month,$17.12,17,3,17,3,no,upi,north,5.0,price,Yes
12517,2026-05-03, standard ,month-to-month,$39.15,5 months,0,11,4,yes,upi,west,4.0,service,Yes
12151,2026-08-31, standard ,month-to-month,37.51,1,1,2,1,yes,card,west,5.0,other,Yes
12381,2025-03-09,standard,one year,36.97,19 months,1,2,4,no,upi,east,2.0,other,Yes
11869,2025-12-04,PREMIUM,one year,$79.95,10 months,0,7,1,yes,upi,north,1.0,service,Yes
12424,2026-07-02,Basic,month-to-month,$20.63,3,1,12,5,no,upi,north,2.0,service,Yes
12402,2024-08-11, basic ,month-to-month,$23.64,26,0,10,1,no,cash,south,3.0,,No
11842,2024-09-10,PREMIUM,one year,72.64,25 months,0,2,5,no,cash,west,5.0,,No
11696,2025-10-05,standard,two year,37.62,12,2,1,4,no,upi,east,1.0,,No
11867,2022-08-22,basic,month-to-month,$19.11,50 months,1,5,1,yes,card,south,1.0,,No
12989,2025-11-04,Basic,month-to-month,14.05,11 months,3,8,4,yes,cash,south,3.0,competitor,Yes
12769,2024-12-09,BASIC,month-to-month,$18.66,22 months,1,11,4,yes,card,west,2.0,,Yes
12814,2023-04-19,STANDARD,one year,$44.20,42,0,20,1,yes,netbanking,north,2.0,,No
10887,2026-04-03,Basic,month-to-month,$22.45,6 months,2,16,3,yes,cash,north,2.0,service,Yes
10318,2024-06-12,STANDARD,one year,$36.29,28,2,22,3,no,card,north,5.0,moved,Yes
11582,2026-01-03, standard ,month-to-month,39.63,9,1,15,5,yes,netbanking,east,2.0,moved,Yes
12120,2025-02-07,Standard,two year,$42.37,20 months,1,21,1,no,card,north,1.0,competitor,Yes
11880,2024-12-09,premium,month-to-month,$71.18,22 months,1,12,2,yes,upi,east,5.0,,No
12744,2025-02-07,standard,one year,$42.48,20,3,15,5,no,upi,west,5.0,,No
10104,2025-11-04,Basic,one year,$21.19,11,1,8,1,yes,netbanking,south,3.0,,No
10587,2022-09-21,Standard,two year,$37.41,49 months,1,44,1,yes,upi,west,4.0,,No
10298,2025-01-08,Standard,two year,$38.35,21,2,4,3,yes,cash,north,1.0,,No
10766,2025-02-07, premium ,one year,67.27,20 months,1,12,5,yes,cash,west,2.0,,No
12616,2025-05-08, standard ,one year,$42.66,17 months,0,2,2,yes,netbanking,north,3.0,,No
10910,2026-05-03, basic ,two year,20.81,5 months,2,8,2,yes,netbanking,west,2.0,,No
12319,2026-08-01,STANDARD,month-to-month,$40.78,2 months,1,25,4,yes,netbanking,east,4.0,,No
12978,2025-10-05,Standard,two year,$42.15,12 months,1,16,4,no,cash,north,1.0,moved,Yes
12975,2026-01-03,PREMIUM,month-to-month,$74.27,9,0,2,2,yes,cash,east,2.0,,Yes
11347,2023-10-16, standard ,one year,$40.07,36 months,1,34,5,no,netbanking,west,3.0,,No
12043,2023-09-16,Premium,one year,$69.51,37,2,29,2,no,upi,north,5.0,price,Yes
12940,2026-03-04,BASIC,month-to-month,$19.23,7,3,7,4,no,card,south,4.0,,No
12271,2026-05-03, standard ,one year,$40.70,5,0,6,1,yes,upi,west,3.0,,No
11654,2023-04-19, standard ,one year,$45.68,42,0,3,3,yes,netbanking,east,5.0,,No
10730,2026-01-03,BASIC,one year,$25.33,9,0,8,1,no,netbanking,west,3.0,price,Yes
12920,2022-02-23,BASIC,month-to-month,$22.73,56,2,10,3,yes,cash,south,1.0,,No
11837,2025-12-04, basic ,month-to-month,$21.56,10 months,1,31,2,no,card,east,2.0,competitor,Yes
10185,2024-12-09,standard,one year,$40.89,22,1,4,2,yes,card,west,4.0,,No
10512,2025-02-07,PREMIUM,month-to-month,$69.07,20,1,20,5,yes,cash,west,2.0,price,Yes
11878,2025-01-08,PREMIUM,month-to-month,74.74,21 months,2,23,5,no,card,west,1.0,competitor,Yes
10785,2025-01-08,PREMIUM,month-to-month,67.39,21,3,33,5,no,cash,east,2.0,other,Yes
12577,2022-08-22,premium,one year,69.66,50,1,3,1,no,cash,west,2.0,,No
11191,2025-08-06, standard ,one year,$41.87,14,2,14,4,no,cash,north,1.0,,No
12778,2025-03-09,STANDARD,month-to-month,35.75,19,0,9,1,no,netbanking,west,4.0,,No
11975,2026-01-03,basic,month-to-month,$12.04,9,1,22,5,no,card,north,2.0,other,Yes
12706,2024-07-12,Standard,two year,$34.86,27 months,2,7,4,yes,card,west,4.0,,No
12699,2025-01-08,Basic,two year,21.95,21 months,1,2,4,no,cash,west,1.0,,No
10103,2025-02-07, premium ,month-to-month,$66.59,20 months,2,8,1,no,netbanking,north,5.0,,No
11866,2025-08-06, premium ,month-to-month,$68.98,14,3,12,4,yes,cash,east,2.0,other,Yes
12736,2022-09-21, premium ,month-to-month,$68.11,49 months,1,26,4,no,card,west,2.0,,No
11129,2026-08-01,basic,two year,$24.15,2,2,8,1,yes,cash,north,4.0,,No
12226,2024-05-13,STANDARD,two year,$36.80,29 months,2,2,1,yes,card,north,2.0,other,Yes
10809,2023-12-15,BASIC,month-to-month,19.74,34,1,0,1,no,netbanking,south,1.0,,No
11490,2025-02-07,Premium,month-to-month,$68.16,20 months,0,1,3,yes,cash,west,4.0,,No
11159,2026-02-02,Standard,month-to-month,41.92,8,2,0,4,yes,cash,east,1.0,service,Yes
10131,2024-06-12,basic,month-to-month,$20.02,28,0,10,2,yes,cash,north,2.0,,No
11635,2021-03-30, standard ,one year,$44.59,67,1,1,5,yes,cash,south,2.0,,No
11103,2025-09-05, standard ,one year,$35.62,13,2,8,4,no,upi,east,2.0,,No
11236,2024-04-13,PREMIUM,month-to-month,$71.75,30,2,5,2,yes,upi,north,5.0,,No
10620,2023-05-19,Standard,two year,$39.58,41 months,0,13,2,yes,netbanking,west,3.0,,No
12708,2025-11-04, standard ,month-to-month,$44.20,11 months,0,1,4,yes,upi,north,5.0,,No
12450,2024-10-10, premium ,month-to-month,$66.02,24 months,2,6,2,yes,upi,west,2.0,price,Yes
12772,2024-02-13,Premium,month-to-month,$71.75,32,1,3,3,yes,upi,west,3.0,,No
10693,2025-03-09, standard ,two year,$41.73,19 months,1,5,5,yes,netbanking,south,,,No
10402,2024-10-10,STANDARD,two year,$38.79,24,1,6,4,yes,cash,south,4.0,,No
11736,2022-04-24,premium,month-to-month,$72.31,54,0,13,4,no,cash,north,2.0,,No
11961,2026-04-03, premium ,one year,73.63,6 months,1,10,3,yes,cash,north,,,No
10264,2025-03-09, standard ,one year,$48.65,19,0,1,5,yes,cash,east,5.0,price,Yes
12486,2026-08-31,Basic,month-to-month,$16.97,1 months,6,7,2,yes,cash,south,1.0,moved,Yes
11731,2025-12-04,basic,one year,$21.86,10 months,3,15,2,yes,cash,west,2.0,,No
11917,2022-12-20,Standard,two year,$46.93,46 months,3,1,3,no,card,south,4.0,,No
10141,2023-06-18,basic,one year,21.93,40 months,2,5,2,yes,card,west,5.0,,No
11742,2026-07-02,STANDARD,month-to-month,$41.07,3 months,2,1,2,yes,netbanking,west,1.0,,Yes
10991,2026-08-01,STANDARD,two year,38.09,2 months,1,3,3,yes,upi,south,3.0,,No
11761,2025-09-05, standard ,one year,$42.47,13,2,7,2,yes,netbanking,east,4.0,moved,Yes
10328,2026-06-02,Standard,one year,$40.50,4,2,1,5,yes,netbanking,east,5.0,,No
11108,2025-04-08, premium ,month-to-month,$70.99,18 months,1,20,3,yes,cash,west,1.0,other,Yes
10830,2024-01-14,BASIC,month-to-month,22.61,33,0,15,4,no,netbanking,west,1.0,,No
11637,2024-07-12,Basic,one year,$21.86,27 months,1,7,4,no,card,west,4.0,,No
10274,2022-02-23, standard ,month-to-month,$42.70,56,1,11,1,yes,cash,south,5.0,,No
11131,2022-04-24,standard,month-to-month,39.58,54 months,0,0,1,yes,card,west,,,No
10843,2023-07-18,Basic,two year,18.89,39 months,0,1,1,yes,upi,west,5.0,,No
10867,2023-05-19,Basic,month-to-month,15.76,41 months,1,13,1,no,card,west,3.0,,No
12794,2025-07-07, standard ,month-to-month,40.74,15 months,1,2,2,yes,cash,north,5.0,,No
12440,2022-04-24,Basic,one year,$18.91,54 months,1,4,2,no,cash,south,1.0,,No
12177,2026-01-03,PREMIUM,month-to-month,$74.72,9 months,1,2,3,yes,card,south,1.0,,No
11733,2026-01-03,STANDARD,two year,$37.63,9,2,15,5,yes,card,north,4.0,other,Yes
11640,2025-05-08, standard ,month-to-month,$47.37,17 months,0,3,3,no,card,east,2.0,other,Yes
12439,2026-04-03,Standard,month-to-month,$40.32,6,0,7,2,yes,netbanking,south,3.0,competitor,Yes
12756,2025-04-08,STANDARD,month-to-month,$41.58,18,2,5,4,no,cash,north,1.0,,Yes
12373,2025-05-08,STANDARD,two year,$47.75,17 months,2,24,5,yes,card,south,4.0,competitor,Yes
11243,2025-09-05,BASIC,month-to-month,19.95,13 months,0,3,2,no,cash,north,2.0,price,Yes
10762,2025-02-07,premium,two year,71.82,20 months,1,8,4,yes,card,west,2.0,,No
12165,2025-12-04,basic,two year,$17.32,10,3,2,2,no,upi,west,2.0,,No
12183,2024-07-12, premium ,month-to-month,69.42,27,2,11,3,yes,card,north,1.0,service,Yes
10432,2026-06-02,STANDARD,two year,$35.06,4,1,15,1,yes,card,south,,,No
10572,2024-10-10, premium ,two year,71.25,24,0,8,5,no,netbanking,south,3.0,,No
11745,2021-12-25,PREMIUM,one year,$71.51,58 months,1,13,4,yes,cash,west,3.0,,No
10596,2024-03-14,STANDARD,month-to-month,$40.59,31,0,24,4,no,netbanking,west,3.0,,No
10717,2026-06-02,Standard,month-to-month,$43.36,4,0,15,5,yes,netbanking,south,,,No
12591,2022-05-24,Basic,one year,$22.50,53,0,24,4,no,upi,west,5.0,,No
12642,2023-01-19,Premium,two year,$69.61,45 months,2,6,1,yes,upi,south,,,No
12328,2026-06-02, basic ,month-to-month,19.03,4 months,0,12,5,no,card,east,,,No
11256,2026-02-02,STANDARD,one year,40.05,8,1,7,2,yes,netbanking,east,3.0,price,Yes
11630,2025-07-07,Basic,one year,$24.24,15,2,20,5,yes,netbanking,east,5.0,,No
11700,2025-12-04, basic ,one year,22.50,10 months,0,8,4,yes,cash,south,2.0,,No
11383,2025-09-05, standard ,month-to-month,$40.63,13 months,2,3,4,yes,upi,east,3.0,,No
12567,2024-08-11,basic,one year,16.07,26,3,19,1,no,card,north,2.0,,No
12356,2025-05-08, basic ,month-to-month,$17.80,17,5,11,4,yes,cash,east,3.0,,No
11432,2026-02-02,Basic,one year,$25.23,8 months,1,21,4,no,upi,south,4.0,,No
10774,2025-10-05,BASIC,month-to-month,$18.77,12 months,2,7,1,yes,upi,north,3.0,competitor,Yes
12125,2026-03-04, premium ,two year,$69.24,7 months,2,11,3,no,netbanking,south,4.0,,No
12667,2024-07-12,Basic,one year,$18.28,27 months,0,1,3,yes,netbanking,east,1.0,competitor,Yes
12316,2025-04-08, basic ,one year,$18.03,18 months,4,12,4,yes,card,south,2.0,,No
10096,2022-10-21,Standard,one year,40.26,48 months,1,26,3,no,netbanking,south,2.0,,No
12731,2025-12-04,basic,month-to-month,$21.17,10 months,1,1,5,no,card,south,2.0,service,Yes
10640,2026-02-02,Premium,month-to-month,$64.23,8,0,6,4,yes,cash,east,2.0,moved,Yes
11301,2026-07-02, standard ,month-to-month,35.09,3 months,0,5,3,no,card,west,,price,Yes
10828,2025-01-08, standard ,month-to-month,$39.05,21,0,1,4,no,upi,north,2.0,competitor,Yes
11440,2025-10-05,basic,one year,24.04,12 months,1,49,3,no,netbanking,north,,,No
10500,2025-09-05,Basic,two year,$17.44,13 months,0,6,2,yes,card,east,3.0,,No
10220,2024-10-10,Basic,month-to-month,$18.61,24,0,10,3,yes,upi,east,1.0,moved,Yes
12997,2026-03-04, basic ,two year,$25.23,7 months,0,1,3,yes,card,north,5.0,,No
12737,2023-07-18,Standard,two year,$42.64,39 months,1,19,3,yes,card,east,5.0,,No
12178,2024-06-12,basic,two year,$19.93,28 months,1,16,4,no,netbanking,south,1.0,,No
12883,2026-02-02, premium ,one year,$70.41,8 months,0,8,2,yes,cash,south,3.0,,No
12964,2023-08-17, basic ,one year,$20.75,38,3,15,4,yes,cash,north,2.0,,No
12666,2026-03-04, standard ,one year,$39.08,7 months,0,1,2,yes,netbanking,north,2.0,price,Yes
11931,2026-07-02,BASIC,two year,20.91,3,0,1,5,no,card,north,4.0,,No
11771,2025-02-07,BASIC,one year,$22.34,20 months,1,1,5,yes,upi,east,5.0,,No
10329,2025-09-05,Standard,month-to-month,$39.14,13,0,12,5,no,cash,north,1.0,other,Yes
10112,2024-05-13,Standard,month-to-month,39.88,29 months,1,15,5,no,cash,north,4.0,,No
12862,2024-09-10,STANDARD,month-to-month,$41.47,25 months,1,19,2,no,netbanking,west,2.0,price,Yes
12404,2025-12-04,STANDARD,month-to-month,44.12,10,0,12,1,no,card,south,3.0,,Yes
10149,2024-09-10,Standard,one year,39.65,25 months,1,7,4,yes,card,south,4.0,,No
10959,2023-06-18,Basic,month-to-month,18.08,40,1,6,3,yes,cash,north,3.0,,No
10376,2025-02-07, standard ,month-to-month,$39.56,20 months,1,2,4,no,upi,east,3.0,,No
12032,2025-01-08,STANDARD,one year,42.64,21 months,2,3,1,yes,upi,south,,other,Yes
12443,2025-09-05,Basic,month-to-month,$18.94,13,2,13,2,yes,netbanking,north,4.0,,Yes
11641,2024-04-13,Standard,one year,$40.36,30,1,4,5,yes,card,west,3.0,,No
11416,2024-10-10,Standard,two year,$39.15,24 months,0,4,4,yes,card,north,5.0,,No
10269,2025-07-07,PREMIUM,month-to-month,$67.29,15 months,2,1,1,yes,upi,east,4.0,service,Yes
12359,2024-10-10,STANDARD,month-to-month,$42.05,24 months,2,3,3,no,cash,south,1.0,price,Yes
11638,2024-02-13,basic,month-to-month,$19.52,32,1,12,3,yes,card,west,2.0,,No
11079,2022-07-23, basic ,two year,$18.76,51,0,7,3,yes,upi,west,3.0,,No
12518,2025-04-08, standard ,month-to-month,$37.06,18 months,0,0,4,yes,cash,south,1.0,price,Yes
12881,2023-10-16,standard,one year,$32.44,36,2,7,3,yes,netbanking,west,1.0,moved,Yes
10364,2025-10-05, basic ,one year,$20.23,12,4,1,4,yes,netbanking,north,1.0,,Yes
12464,2025-03-09,BASIC,one year,$23.24,19 months,0,4,5,no,card,south,5.0,,No
10660,2026-05-03, basic ,month-to-month,$18.75,5 months,0,1,4,yes,upi,south,5.0,,No
10034,2024-08-11,standard,two year,37.53,26 months,1,0,4,yes,card,west,4.0,,No
10736,2024-04-13, premium ,month-to-month,$71.81,30,3,20,3,yes,upi,east,3.0,,No
11390,2025-04-08,basic,month-to-month,$20.63,18 months,4,7,4,yes,card,north,5.0,other,Yes
11633,2022-09-21,Standard,one year,$43.28,49 months,4,7,4,yes,upi,south,2.0,price,Yes
10279,2024-06-12,Standard,month-to-month,$38.96,28,0,28,1,no,cash,east,1.0,price,Yes
12190,2025-09-05,PREMIUM,month-to-month,66.23,13,1,28,1,no,card,west,2.0,competitor,Yes
12976,2023-02-18,Standard,one year,$39.07,44 months,0,4,5,yes,upi,south,2.0,,No
10363,2025-02-07,BASIC,one year,$24.88,20 months,2,9,2,yes,upi,north,,competitor,Yes
11172,2024-05-13, basic ,month-to-month,17.99,29,1,9,2,yes,cash,west,3.0,,No
11711,2026-04-03,standard,two year,$44.03,6,0,19,2,yes,netbanking,south,3.0,,No
11291,2020-10-31, standard ,one year,$41.84,72,2,13,1,no,card,south,3.0,,No
12137,2026-07-02,BASIC,two year,$19.44,3 months,1,6,1,no,netbanking,north,2.0,,No
10745,2025-06-07,BASIC,month-to-month,20.65,16,0,11,1,yes,cash,east,4.0,price,Yes
11160,2022-07-23,Standard,one year,$39.54,51,0,1,1,yes,card,west,3.0,,No
10929,2025-12-04,premium,month-to-month,$62.21,10,1,3,4,yes,netbanking,south,5.0,,No
12715,2022-11-20,Basic,month-to-month,$15.80,47 months,1,7,3,yes,upi,south,3.0,,No
12395,2026-06-02,PREMIUM,month-to-month,$64.76,4 months,2,5,2,no,card,east,4.0,other,Yes
10386,2024-02-13,Basic,two year,$25.64,32,2,1,1,yes,card,north,2.0,,No
10995,2024-02-13,basic,one year,$20.98,32 months,3,2,2,no,upi,west,4.0,,No
12557,2025-03-09, standard ,month-to-month,40.89,19,3,51,3,yes,netbanking,west,2.0,,Yes
12505,2024-12-09,standard,one year,$43.56,22 months,1,3,1,yes,cash,north,5.0,,No
12019,2023-01-19, standard ,two year,$38.51,45 months,1,17,5,no,card,south,2.0,,No
12513,2025-06-07, basic ,month-to-month,$20.39,16 months,1,28,1,no,netbanking,west,4.0,moved,Yes
12101,2025-10-05,basic,month-to-month,$25.47,12 months,4,25,4,no,netbanking,north,3.0,,Yes
12469,2024-05-13, basic ,month-to-month,$13.63,29 months,4,30,4,no,card,east,1.0,price,Yes
11631,2026-08-01,Basic,one year,$17.03,2 months,2,21,1,yes,card,west,1.0,competitor,Yes
12320,2024-12-09,Basic,two year,$15.50,22,1,4,3,yes,cash,south,1.0,,No
11550,2026-02-02,standard,two year,$36.68,8 months,0,4,2,yes,card,south,,,No
10811,2025-01-08, basic ,month-to-month,19.23,21 months,1,11,2,no,cash,west,2.0,price,Yes
11690,2025-11-04,Standard,two year,$42.81,11 months,1,24,2,yes,upi,west,3.0,,No
10787,2025-07-07,standard,two year,$34.84,15,2,3,5,yes,upi,east,5.0,,No
11441,2024-06-12,Basic,one year,25.14,28 months,2,2,5,no,card,south,4.0,,No
12371,2026-03-04,Basic,one year,$24.26,7 months,3,21,4,yes,netbanking,west,3.0,moved,Yes
10527,2025-08-06,STANDARD,month-to-month,$45.75,14 months,1,5,2,yes,card,north,1.0,service,Yes
12874,2025-11-04,premium,month-to-month,$69.07,11,1,8,2,yes,card,west,2.0,other,Yes
12646,2026-07-02,BASIC,month-to-month,$18.15,3,2,3,1,yes,upi,west,1.0,,No
12534,2024-08-11,Premium,month-to-month,$67.30,26 months,1,2,2,yes,card,west,1.0,price,Yes
10735,2026-08-01, premium ,one year,$75.75,2,0,20,3,no,upi,south,3.0,other,Yes
11988,2024-06-12,Basic,one year,24.42,28,1,9,1,yes,upi,east,3.0,,No
11240,2026-03-04,BASIC,month-to-month,$23.10,7,1,9,2,yes,card,west,5.0,moved,Yes
12263,2022-12-20,basic,month-to-month,19.53,46,0,35,4,yes,cash,south,5.0,,No
10287,2024-04-13,premium,one year,70.47,30,1,14,5,yes,netbanking,west,4.0,moved,Yes
12387,2025-08-06,STANDARD,month-to-month,41.57,14 months,1,1,5,yes,upi,south,2.0,service,Yes
10268,2025-12-04,Standard,month-to-month,$40.75,10 months,2,18,3,no,card,south,1.0,service,Yes
11007,2024-01-14,premium,two year,70.26,33,3,1,3,no,card,west,5.0,,No
11480,2024-08-11, basic ,two year,$20.18,26,4,22,2,no,cash,north,4.0,,No
12455,2026-01-03,Standard,month-to-month,$36.48,9,1,23,5,yes,netbanking,east,,,No
12709,2025-05-08,STANDARD,month-to-month,$37.00,17 months,1,9,3,no,cash,south,3.0,,No
11835,2025-12-04,PREMIUM,one year,$73.99,10 months,2,10,2,yes,netbanking,south,2.0,,Yes
11004,2024-10-10, standard ,month-to-month,37.04,24 months,2,9,3,yes,upi,east,3.0,,Yes
10682,2025-06-07,BASIC,two year,$24.53,16 months,2,24,5,no,cash,west,4.0,,No
11597,2025-03-09,BASIC,one year,$19.07,19,0,3,4,yes,upi,east,4.0,,No
12372,2025-01-08,standard,month-to-month,43.13,21,0,1,5,yes,card,south,2.0,other,Yes
12571,2025-04-08,PREMIUM,month-to-month,$66.22,18 months,0,2,4,yes,upi,north,2.0,,No
11753,2021-12-25,BASIC,one year,$24.09,58 months,1,5,5,yes,cash,west,2.0,,No
11057,2024-12-09,PREMIUM,two year,$66.00,22,0,2,2,yes,netbanking,south,1.0,service,Yes
11360,2026-01-03,basic,month-to-month,$20.97,9,1,7,1,no,upi,west,4.0,moved,Yes
12261,2024-03-14,BASIC,one year,$20.96,31 months,0,3,2,no,upi,west,3.0,,No
11268,2025-09-05, standard ,one year,39.93,13,2,1,2,yes,upi,south,5.0,,No
11862,2024-07-12,BASIC,two year,$21.15,27 months,2,4,5,yes,upi,north,4.0,,No
10210,2023-01-19, standard ,month-to-month,$40.22,45,0,13,4,yes,upi,west,5.0,,No
11299,2024-10-10,premium,month-to-month,70.41,24,1,7,1,yes,card,east,3.0,,Yes
12059,2026-02-02,BASIC,two year,$19.04,8 months,2,9,2,no,netbanking,north,1.0,moved,Yes
11369,2025-02-07,Basic,month-to-month,$18.47,20 months,3,9,1,yes,card,west,,price,Yes
10628,2020-10-31,Standard,month-to-month,39.77,72,1,10,1,no,netbanking,south,4.0,,No
11237,2024-08-11,Basic,two year,20.37,26,2,16,1,yes,upi,west,4.0,,No
12556,2024-10-10,BASIC,month-to-month,$17.01,24 months,2,6,3,yes,upi,south,4.0,,No
12142,2025-02-07,standard,two year,$39.00,20,1,11,2,no,cash,east,1.0,service,Yes
10564,2024-06-12,STANDARD,month-to-month,$35.46,28,1,8,4,yes,cash,east,4.0,,No
12358,2024-03-14,Standard,month-to-month,$39.42,31 months,0,11,3,yes,cash,north,3.0,service,Yes
10200,2025-09-05, basic ,month-to-month,$18.78,13,0,9,1,no,card,east,4.0,moved,Yes
10835,2023-10-16,Standard,month-to-month,$39.09,36,3,25,3,no,card,south,1.0,price,Yes
10015,2023-09-16,BASIC,month-to-month,24.03,37,1,3,2,no,cash,south,5.0,,No
10209,2024-12-09, standard ,month-to-month,$40.20,22 months,1,9,4,yes,netbanking,west,1.0,other,Yes
10800,2025-10-05,Standard,month-to-month,40.50,12,0,4,3,no,netbanking,north,2.0,other,Yes
12021,2026-05-03,standard,one year,36.85,5 months,0,6,3,no,netbanking,west,3.0,,No
10685,2024-02-13,premium,month-to-month,67.33,32,1,7,4,no,upi,north,2.0,,No
12828,2026-05-03, standard ,month-to-month,$38.69,5 months,1,6,4,yes,cash,west,4.0,,No
10733,2026-03-04,PREMIUM,month-to-month,$66.19,7 months,0,20,2,no,card,east,3.0,service,Yes
10965,2023-10-16, basic ,month-to-month,18.50,36,0,29,3,yes,cash,west,1.0,other,Yes
12405,2024-10-10,STANDARD,two year,$38.44,24 months,0,11,4,yes,card,east,1.0,competitor,Yes
10597,2023-09-16, premium ,month-to-month,$64.60,37 months,1,8,4,no,upi,east,4.0,,No
12844,2025-07-07, basic ,two year,$21.22,15 months,1,14,1,yes,cash,east,1.0,other,Yes
10582,2024-01-14,Standard,month-to-month,44.23,33,2,2,1,yes,upi,west,4.0,,No
11765,2024-02-13,BASIC,one year,$24.15,32,1,1,2,yes,cash,south,2.0,,No
10789,2024-01-14, standard ,two year,42.48,33 months,1,21,1,no,netbanking,west,5.0,,No
10120,2024-11-09,BASIC,month-to-month,$19.82,23,0,11,4,no,cash,west,2.0,,Yes
12237,2025-02-07, basic ,month-to-month,$19.30,20 months,1,6,5,yes,card,west,2.0,price,Yes
12619,2025-01-08, premium ,month-to-month,$68.33,21 months,1,10,5,no,upi,east,2.0,other,Yes
12885,2026-01-03,PREMIUM,two year,$67.97,9 months,0,2,5,no,cash,east,1.0,,No
10295,2022-06-23,basic,month-to-month,$14.24,52 months,1,14,2,yes,upi,north,2.0,,No
11026,2026-07-02,premium,month-to-month,$68.01,3 months,0,1,2,yes,card,east,2.0,price,Yes
12483,2024-08-11, basic ,two year,$19.41,26 months,1,10,4,no,cash,east,1.0,,No
11288,2022-11-20,BASIC,month-to-month,$17.27,47 months,1,13,4,yes,card,west,,,No
12017,2025-06-07,standard,two year,$39.80,16 months,2,28,3,yes,card,south,1.0,,No
12638,2026-02-02,PREMIUM,one year,$71.53,8,3,37,4,no,card,south,,moved,Yes
10956,2024-07-12, basic ,month-to-month,$23.80,27 months,3,18,3,no,netbanking,south,2.0,moved,Yes
10009,2026-07-02,basic,month-to-month,$18.23,3 months,0,2,3,yes,cash,south,5.0,service,Yes
10311,2024-07-12,basic,one year,$19.43,27 months,3,2,5,yes,cash,east,3.0,price,Yes
12400,2026-04-03,BASIC,month-to-month,$19.03,6,1,2,2,yes,card,east,4.0,other,Yes
11527,2026-01-03,Standard,month-to-month,$39.22,9,0,2,3,yes,cash,south,2.0,,No
10478,2022-12-20,standard,two year,33.58,46,2,3,3,yes,netbanking,west,5.0,,No
11773,2022-08-22,Basic,month-to-month,29.00,50 months,1,14,1,yes,card,south,5.0,,No
11913,2023-12-15, basic ,month-to-month,20.24,34 months,0,20,4,no,card,east,4.0,service,Yes
12838,2026-01-03,PREMIUM,month-to-month,$68.82,9 months,1,47,5,no,netbanking,north,2.0,price,Yes
10505,2026-03-04,Basic,month-to-month,$20.41,7,2,36,5,yes,card,north,1.0,moved,Yes
12119,2024-04-13,basic,month-to-month,17.30,30 months,1,4,3,yes,upi,south,2.0,competitor,Yes
10355,2025-09-05,Basic,month-to-month,$24.68,13,2,7,1,yes,card,west,1.0,moved,Yes
11303,2024-11-09, premium ,month-to-month,$68.76,23 months,0,11,2,no,cash,north,,competitor,Yes
10038,2024-11-09, premium ,one year,$73.35,23 months,0,9,4,yes,upi,west,4.0,,No
11788,2024-07-12,premium,two year,$72.47,27 months,2,1,3,yes,upi,east,2.0,,No
11267,2023-06-18, standard ,one year,$36.71,40,1,9,1,yes,netbanking,west,3.0,,No
11716,2024-04-13,BASIC,two year,$27.07,30 months,0,12,5,no,upi,south,4.0,,No
11414,2026-01-03, basic ,two year,$19.11,9,2,6,2,no,card,south,3.0,,No
12412,2022-10-21, premium ,month-to-month,$68.21,48,0,41,5,yes,cash,west,1.0,,No
11293,2024-05-13,Standard,month-to-month,39.37,29 months,2,16,1,no,card,north,4.0,other,Yes
12931,2025-08-06,standard,month-to-month,38.65,14 months,1,6,2,yes,card,south,2.0,price,Yes
11177,2024-12-09,Basic,one year,26.03,22,1,1,5,yes,cash,south,1.0,,No
10898,2026-05-03, basic ,month-to-month,14.70,5 months,1,18,2,yes,upi,east,,moved,Yes
11849,2023-05-19, standard ,month-to-month,$38.85,41 months,2,2,3,no,netbanking,west,5.0,,No
10791,2023-09-16,basic,month-to-month,$23.52,37 months,0,0,5,yes,upi,north,3.0,,No
10679,2021-12-25, basic ,two year,$18.22,58 months,1,15,2,yes,upi,south,2.0,,No
11124,2024-05-13,Standard,month-to-month,38.03,29 months,0,1,2,no,card,west,,,No
12305,2023-03-20,basic,month-to-month,$13.57,43 months,1,1,2,yes,netbanking,north,1.0,,No
11893,2026-05-03,PREMIUM,month-to-month,70.73,5 months,1,12,5,yes,card,east,1.0,,No
10692,2023-11-15,basic,two year,$18.14,35 months,4,1,1,yes,upi,west,5.0,,No
10962,2025-05-08,basic,month-to-month,$16.76,17,1,40,4,yes,card,south,1.0,price,Yes
12384,2025-05-08,BASIC,one year,$21.06,17,1,2,1,yes,upi,south,3.0,,No
10419,2023-01-19, basic ,month-to-month,19.55,45 months,3,8,3,no,upi,north,3.0,,No
10983,2025-11-04,STANDARD,month-to-month,$43.44,11,1,6,5,no,cash,west,2.0,,Yes
11996,2025-01-08,Basic,month-to-month,19.93,21 months,0,7,2,yes,netbanking,east,4.0,,No
12463,2025-12-04, basic ,month-to-month,$16.39,10,0,1,4,no,upi,west,5.0,price,Yes
10744,2026-07-02,premium,month-to-month,$63.79,3,1,28,2,yes,upi,north,2.0,service,Yes
11963,2021-04-29, basic ,month-to-month,$21.55,66 months,1,5,5,yes,upi,east,5.0,,No
12545,2024-01-14,STANDARD,month-to-month,$41.73,33 months,2,3,5,yes,netbanking,north,5.0,,No
12115,2025-09-05,basic,month-to-month,$19.10,13 months,2,6,5,yes,upi,west,,,Yes
11238,2026-02-02,Standard,two year,$41.58,8 months,3,1,1,no,netbanking,north,1.0,,No
10659,2025-12-04,standard,two year,$40.88,10,0,21,2,yes,upi,north,2.0,,No
11557,2025-04-08, premium ,month-to-month,$74.04,18 months,1,2,1,yes,cash,south,1.0,moved,Yes
11568,2020-10-31, standard ,one year,$39.04,72,1,1,5,no,upi,south,3.0,,No
11135,2023-07-18, basic ,month-to-month,$20.88,39,0,3,1,no,card,north,4.0,,No
10203,2026-02-02, premium ,month-to-month,$69.61,8,0,2,5,yes,card,east,2.0,,No
12713,2024-03-14,premium,one year,69.46,31 months,1,27,1,yes,netbanking,south,1.0,,Yes
11167,2026-04-03,Standard,two year,$40.74,6,4,22,3,yes,cash,east,3.0,moved,Yes
11254,2024-08-11,BASIC,month-to-month,16.93,26,1,18,3,no,card,north,1.0,other,Yes
11509,2025-06-07, premium ,month-to-month,73.03,16 months,0,5,3,no,card,south,1.0,price,Yes
12664,2025-09-05,STANDARD,month-to-month,$40.87,13 months,0,3,1,yes,upi,west,5.0,,No
10648,2024-05-13, basic ,one year,$19.86,29 months,1,22,2,yes,cash,north,4.0,,No
10370,2025-09-05,basic,month-to-month,$24.81,13 months,1,46,5,yes,netbanking,west,1.0,,No
10195,2025-04-08, premium ,month-to-month,$67.31,18 months,1,1,2,no,card,north,2.0,other,Yes
12300,2024-10-10, premium ,month-to-month,$68.36,24,1,29,2,yes,netbanking,south,,other,Yes
10502,2023-05-19, premium ,month-to-month,$67.71,41,4,10,1,no,card,west,3.0,moved,Yes
11627,2022-09-21,Standard,two year,$43.67,49 months,3,0,2,no,cash,north,4.0,,No
11872,2025-05-08,BASIC,two year,$22.51,17,3,17,2,yes,upi,north,1.0,price,Yes
12001,2025-11-04,standard,month-to-month,$42.83,11,0,15,4,yes,cash,west,5.0,,No
12347,2024-07-12, premium ,month-to-month,72.96,27 months,1,2,5,no,netbanking,south,,,No
11318,2022-06-23, standard ,month-to-month,$34.27,52,1,2,2,no,cash,south,3.0,,No
10905,2024-11-09,standard,one year,$42.09,23 months,0,32,2,no,netbanking,west,1.0,,No
12365,2025-09-05,premium,month-to-month,$66.36,13,0,1,5,no,netbanking,south,2.0,price,Yes
11149,2024-03-14, basic ,one year,$19.69,31,1,4,3,no,card,north,4.0,,No
10298,2025-01-08,Standard,two year,$38.35,21,2,4,3,yes,cash,north,1.0,,No
11333,2024-02-13, premium ,one year,73.03,32,1,1,4,no,cash,north,1.0,competitor,Yes
11258,2020-10-31,STANDARD,month-to-month,$39.12,72,1,3,2,yes,card,south,5.0,,No
12185,2025-02-07,Standard,one year,$37.25,20 months,1,35,3,yes,netbanking,south,3.0,competitor,Yes
11456,2025-05-08, basic ,one year,29.08,17,2,15,1,no,card,north,2.0,,Yes
12934,2024-09-10,Basic,month-to-month,$19.32,25 months,1,6,4,yes,netbanking,west,2.0,,No
11314,2025-11-04,Basic,two year,$17.54,11 months,2,5,4,no,netbanking,north,4.0,,No
12911,2024-11-09,basic,two year,$20.52,23,1,2,4,yes,upi,north,4.0,,No
12028,2024-07-12, standard ,month-to-month,$37.35,27 months,1,1,4,no,upi,east,2.0,service,Yes
10233,2025-05-08,basic,month-to-month,$16.54,17 months,1,7,3,no,upi,east,5.0,,No
11584,2024-08-11,Basic,one year,$15.14,26 months,2,6,1,yes,card,south,4.0,,No
12581,2024-10-10,Basic,month-to-month,$18.72,24,1,12,1,no,cash,east,1.0,,No
11178,2022-09-21,Basic,month-to-month,$19.67,49 months,2,9,2,yes,card,south,3.0,moved,Yes
11306,2026-08-31, basic ,one year,$18.96,1 months,1,0,5,yes,card,east,,price,Yes
12598,2025-11-04,Basic,month-to-month,$19.69,11,1,0,5,yes,card,north,2.0,other,Yes
12951,2024-03-14,premium,month-to-month,$67.57,31,3,2,5,yes,cash,south,4.0,competitor,Yes
11671,2024-12-09,standard,month-to-month,37.43,22 months,1,1,4,no,card,north,3.0,,No
10847,2022-11-20,BASIC,one year,18.72,47,4,6,5,no,cash,west,3.0,,No
11605,2025-08-06, basic ,month-to-month,17.14,14,0,35,4,yes,card,south,1.0,other,Yes
12109,2024-12-09, basic ,month-to-month,$22.66,22,0,1,1,yes,upi,west,3.0,,No
12427,2022-08-22,premium,one year,68.02,50 months,2,12,1,no,card,west,4.0,,No
10643,2026-03-04,Basic,two year,21.95,7 months,3,17,1,no,netbanking,east,2.0,,Yes
10238,2025-02-07,standard,month-to-month,$39.57,20 months,2,4,4,yes,card,north,2.0,moved,Yes
12606,2023-04-19, basic ,two year,$21.38,42 months,1,3,2,yes,upi,west,2.0,,No
12922,2024-07-12,STANDARD,one year,36.91,27 months,2,1,4,yes,card,west,5.0,competitor,Yes
11064,2025-01-08,STANDARD,month-to-month,$36.85,21 months,0,1,1,no,netbanking,east,4.0,price,Yes
12587,2025-10-05,Standard,month-to-month,$41.79,12,2,10,1,yes,cash,north,,service,Yes
11634,2025-12-04,STANDARD,two year,$37.78,10 months,3,3,3,no,cash,north,2.0,price,Yes
11428,2024-04-13,Basic,month-to-month,$18.30,30,2,28,5,no,cash,west,3.0,,Yes
12617,2025-06-07,STANDARD,month-to-month,36.94,16 months,1,21,3,yes,netbanking,west,3.0,competitor,Yes
11750,2022-07-23,BASIC,month-to-month,17.64,51 months,2,16,5,no,upi,east,4.0,,No
12610,2023-10-16, standard ,one year,41.29,36,2,14,1,yes,cash,west,,,No
12891,2025-11-04,Standard,one year,$40.47,11,3,6,5,no,netbanking,west,5.0,,No
12994,2023-03-20,Standard,one year,$32.33,43,4,2,5,yes,upi,east,5.0,,No
11037,2023-10-16, basic ,month-to-month,18.01,36 months,2,1,5,no,netbanking,east,3.0,other,Yes
11670,2023-03-20,Basic,month-to-month,$16.44,43 months,1,8,3,no,card,north,2.0,moved,Yes
11556,2023-08-17,STANDARD,one year,$40.09,38 months,2,21,5,yes,cash,south,5.0,,No
11909,2022-05-24,Basic,one year,$22.73,53 months,1,1,2,no,card,north,3.0,,No
12512,2026-02-02,Standard,month-to-month,$36.57,8 months,3,35,5,yes,upi,east,3.0,other,Yes
10361,2026-06-02,BASIC,month-to-month,$23.02,4 months,0,23,4,no,upi,north,3.0,moved,Yes
10330,2025-12-04,standard,month-to-month,$42.73,10,1,2,5,no,card,north,4.0,price,Yes
11959,2024-02-13,basic,month-to-month,$21.16,32 months,1,10,1,yes,upi,south,3.0,,No
12468,2024-09-10,BASIC,one year,$14.19,25,2,5,4,no,card,east,5.0,other,Yes
10598,2024-07-12, basic ,two year,24.41,27,0,10,4,yes,card,west,3.0,,No
11452,2026-04-03,Basic,month-to-month,$20.73,6,0,16,5,yes,cash,north,2.0,moved,Yes
11161,2025-11-04,BASIC,one year,$15.72,11,3,0,3,no,upi,east,1.0,moved,Yes
12126,2026-07-02,STANDARD,month-to-month,$44.36,3 months,0,12,3,yes,cash,south,1.0,other,Yes
11679,2025-03-09,Standard,two year,$38.74,19 months,2,8,5,no,upi,west,1.0,,No
12579,2025-07-07,basic,month-to-month,$20.38,15,0,8,5,no,card,east,2.0,,No
11891,2025-03-09,standard,month-to-month,$43.11,19,1,1,1,no,netbanking,west,1.0,price,Yes
12551,2025-06-07,PREMIUM,month-to-month,$67.30,16,1,10,5,no,cash,south,4.0,,No
11608,2025-09-05, basic ,month-to-month,18.43,13,0,3,1,yes,upi,north,1.0,competitor,Yes
12196,2024-05-13,Basic,month-to-month,23.30,29 months,2,8,5,no,cash,east,2.0,competitor,Yes
10109,2021-06-28,Standard,month-to-month,$42.57,64 months,1,10,5,no,card,west,1.0,,No
12135,2023-11-15,BASIC,month-to-month,$19.29,35,3,30,2,no,upi,west,4.0,price,Yes
11224,2025-06-07, standard ,month-to-month,$37.25,16,3,6,5,yes,cash,east,4.0,,No
12298,2026-04-03, premium ,two year,$68.00,6 months,1,3,1,no,card,south,5.0,,No
11266,2022-08-22,basic,two year,17.05,50 months,1,9,1,yes,upi,north,3.0,,No
10128,2023-07-18, premium ,one year,$68.59,39 months,0,9,4,no,upi,east,4.0,,No
11096,2025-04-08, standard ,month-to-month,$38.29,18 months,2,17,1,yes,upi,west,3.0,competitor,Yes
12410,2025-11-04,BASIC,month-to-month,$22.46,11,0,22,3,yes,upi,east,,price,Yes
12334,2023-06-18,STANDARD,one year,$41.61,40 months,0,2,3,yes,card,south,,,No
11070,2023-10-16,STANDARD,one year,$44.58,36,3,6,3,no,netbanking,west,1.0,other,Yes
10616,2026-05-03,premium,two year,65.32,5,2,10,2,yes,upi,south,5.0,,No
12448,2025-10-05, basic ,month-to-month,21.65,12 months,2,12,4,yes,cash,west,5.0,,No
10661,2021-12-25,premium,month-to-month,$74.04,58,1,12,4,yes,card,west,5.0,,No
10365,2025-04-08, basic ,one year,21.13,18,0,12,5,yes,card,east,3.0,,No
11023,2024-05-13, basic ,month-to-month,$24.94,29 months,2,8,4,yes,netbanking,east,5.0,service,Yes
10701,2022-09-21,BASIC,month-to-month,$23.57,49 months,3,41,3,no,card,north,3.0,,No
11777,2020-10-31,Basic,month-to-month,$19.26,72,0,22,2,no,netbanking,east,3.0,,No
11812,2023-09-16,standard,month-to-month,36.92,37 months,1,20,5,yes,cash,south,4.0,,Yes
11406,2023-11-15,BASIC,one year,$21.97,35 months,1,9,2,yes,upi,south,3.0,,No
10591,2026-02-02, premium ,month-to-month,$73.75,8,2,39,2,yes,netbanking,north,4.0,moved,Yes
10504,2020-11-30, premium ,month-to-month,69.25,71,1,5,5,no,cash,south,2.0,,No
10623,2026-04-03,STANDARD,one year,39.76,6 months,0,22,4,no,netbanking,east,4.0,competitor,Yes
11460,2026-02-02, basic ,one year,$23.64,8 months,0,17,2,yes,netbanking,south,2.0,,No
12197,2025-02-07,standard,month-to-month,$40.06,20,2,6,3,yes,cash,north,2.0,,Yes
10157,2025-07-07, standard ,month-to-month,39.05,15,0,14,3,yes,card,east,4.0,,No
11140,2025-01-08,BASIC,month-to-month,$21.34,21,1,23,2,yes,upi,south,5.0,,No
12255,2024-11-09, basic ,one year,$22.27,23 months,0,10,1,yes,cash,east,3.0,,No
10857,2020-11-30,standard,month-to-month,$46.37,71,2,24,1,no,upi,south,5.0,,No
11066,2024-10-10,Standard,one year,$38.09,24,3,16,1,yes,upi,north,2.0,moved,Yes
11486,2025-05-08,standard,month-to-month,$34.83,17 months,4,3,1,yes,netbanking,west,5.0,moved,Yes
12849,2024-09-10, standard ,month-to-month,$44.06,25 months,2,1,3,yes,upi,east,2.0,moved,Yes
11569,2026-03-04,Basic,month-to-month,$16.37,7 months,2,3,5,yes,netbanking,north,5.0,,No
12207,2026-03-04,standard,month-to-month,$35.70,7 months,1,1,5,no,card,west,2.0,moved,Yes
12596,2025-11-04,BASIC,one year,21.51,11 months,0,2,5,no,netbanking,east,2.0,service,Yes
12950,2026-03-04,basic,month-to-month,$26.26,7 months,3,2,1,yes,cash,east,5.0,other,Yes
10007,2025-06-07,Basic,one year,19.16,16,0,0,1,no,cash,east,2.0,,No
11326,2025-01-08,PREMIUM,month-to-month,$71.50,21,0,8,4,no,upi,north,1.0,moved,Yes
12145,2022-04-24,Premium,two year,$69.98,54,1,13,5,yes,netbanking,west,1.0,price,Yes
11147,2025-06-07,standard,one year,$41.21,16,2,2,4,no,card,west,5.0,,No
10602,2026-03-04,STANDARD,two year,$39.31,7,2,2,4,no,netbanking,south,2.0,,No
12995,2020-10-31,STANDARD,one year,$39.29,72 months,0,3,5,yes,netbanking,south,3.0,,No
11115,2024-11-09,Standard,one year,$40.82,23,1,33,2,no,card,west,2.0,moved,Yes
10595,2026-06-02,standard,month-to-month,$40.33,4,2,22,1,no,upi,east,1.0,other,Yes
11269,2025-10-05,standard,two year,42.76,12 months,0,13,5,yes,upi,east,3.0,,No
12634,2025-01-08,BASIC,one year,$20.61,21,2,1,4,yes,card,east,2.0,,No
12403,2026-05-03, premium ,two year,$68.45,5 months,1,8,4,no,cash,north,1.0,,Yes
10941,2025-05-08,basic,month-to-month,$17.96,17,2,0,1,yes,upi,west,4.0,,No
11515,2026-02-02, standard ,month-to-month,$40.04,8 months,2,2,2,yes,card,west,3.0,other,Yes
12219,2020-10-31,PREMIUM,month-to-month,$73.44,72 months,1,7,5,yes,upi,south,1.0,,No
11810,2024-06-12,basic,two year,$18.93,28 months,1,2,2,no,netbanking,north,4.0,,No
10739,2020-10-31,STANDARD,month-to-month,41.30,72,2,3,3,no,upi,east,5.0,,No
12724,2023-07-18, basic ,two year,$18.21,39,1,6,3,yes,cash,north,4.0,,No
11726,2023-12-15,standard,month-to-month,40.89,34 months,3,8,5,no,upi,north,2.0,price,Yes
12729,2023-12-15,PREMIUM,month-to-month,$73.42,34,3,5,3,yes,netbanking,west,5.0,,Yes
12107,2026-04-03,Basic,month-to-month,$22.06,6 months,1,1,5,no,cash,east,,competitor,Yes
10985,2025-07-07, basic ,one year,$18.01,15,2,9,1,yes,netbanking,north,3.0,,No
10817,2026-02-02,basic,one year,$22.34,8 months,0,7,4,no,upi,east,4.0,,No
10892,2024-04-13,BASIC,month-to-month,$22.13,30,1,13,1,yes,card,east,1.0,competitor,Yes
12528,2025-06-07, basic ,month-to-month,17.65,16 months,1,4,1,yes,netbanking,north,1.0,price,Yes
10630,2023-10-16, basic ,one year,$22.21,36 months,1,16,1,yes,netbanking,north,3.0,,No
12431,2025-06-07,BASIC,two year,$21.53,16,0,7,1,no,card,north,4.0,competitor,Yes
10955,2022-12-20,Standard,one year,$40.47,46 months,2,8,3,yes,upi,north,3.0,competitor,Yes
10770,2026-02-02,Basic,one year,$15.09,8,2,26,4,no,netbanking,east,1.0,competitor,Yes
10216,2024-04-13,basic,month-to-month,17.84,30 months,0,1,1,yes,netbanking,south,3.0,,No
11316,2025-02-07, premium ,two year,$74.36,20 months,2,12,5,yes,cash,north,5.0,,No
12791,2026-06-02, standard ,month-to-month,39.68,4,1,1,4,yes,upi,south,3.0,,No
12910,2025-09-05,Basic,two year,$19.07,13,2,18,4,no,card,west,3.0,price,Yes
10292,2024-09-10,BASIC,month-to-month,21.50,25 months,1,10,1,yes,cash,east,3.0,,No
12053,2026-04-03,STANDARD,two year,$38.89,6 months,1,11,2,no,netbanking,south,3.0,,No
12524,2024-08-11,basic,month-to-month,18.37,26 months,2,5,5,no,cash,north,1.0,price,Yes
12836,2025-08-06,BASIC,month-to-month,$15.02,14 months,1,3,5,yes,upi,south,4.0,price,Yes
11952,2025-12-04, standard ,month-to-month,$41.16,10,2,11,4,no,netbanking,north,5.0,,No
10227,2026-01-03,Standard,one year,$38.38,9,2,2,3,yes,netbanking,west,2.0,,No
10542,2026-01-03,Basic,one year,$17.63,9 months,2,1,1,yes,cash,west,4.0,,No
12199,2024-04-13,BASIC,month-to-month,$16.67,30,0,26,5,yes,netbanking,south,4.0,,No
12116,2025-06-07,BASIC,month-to-month,$18.72,16,1,26,4,yes,card,north,2.0,,No
11578,2022-11-20, premium ,month-to-month,70.22,47,0,30,4,yes,card,north,4.0,service,Yes
11888,2023-09-16,Basic,month-to-month,$18.33,37,1,4,1,yes,cash,west,4.0,,No
10217,2025-06-07,standard,one year,$40.91,16 months,2,0,2,no,upi,west,,,No
10720,2024-07-12, standard ,month-to-month,37.69,27,1,4,4,yes,upi,west,5.0,,No
10875,2026-03-04, standard ,month-to-month,36.38,7,0,8,2,yes,cash,west,4.0,,Yes
10352,2026-05-03,Basic,month-to-month,$17.62,5,1,8,3,no,card,east,4.0,competitor,Yes
12492,2026-01-03,standard,month-to-month,$42.18,9 months,2,4,5,yes,upi,west,4.0,competitor,Yes
11655,2023-08-17,Basic,month-to-month,$17.80,38,0,26,1,no,netbanking,north,3.0,service,Yes
10174,2025-04-08, standard ,two year,$36.34,18,2,2,5,yes,card,east,3.0,,No
12965,2023-09-16, standard ,one year,$41.99,37 months,0,7,3,no,upi,north,1.0,other,Yes
11292,2025-11-04, basic ,month-to-month,$23.24,11,1,3,1,yes,cash,west,2.0,service,Yes
12161,2026-02-02, premium ,two year,$66.69,8 months,1,2,1,yes,netbanking,north,4.0,,No
12537,2026-08-01, standard ,one year,$40.61,2 months,1,0,4,yes,cash,east,1.0,moved,Yes
11349,2021-02-28,Standard,two year,$39.72,68 months,1,4,2,yes,cash,north,4.0,,No
11709,2025-06-07,standard,two year,$36.94,16,2,4,4,yes,netbanking,west,3.0,,No
10322,2025-02-07,STANDARD,two year,$39.21,20 months,3,8,4,yes,upi,west,4.0,,No
10324,2024-03-14,PREMIUM,two year,70.22,31,0,2,4,yes,netbanking,west,4.0,,No
10270,2025-11-04,BASIC,two year,19.81,11,2,14,1,yes,upi,south,1.0,,No
10858,2026-03-04,standard,month-to-month,$41.46,7 months,0,6,3,no,netbanking,west,5.0,other,Yes
12313,2022-08-22,Basic,two year,$18.87,50 months,1,12,3,yes,card,east,1.0,,No
10754,2024-02-13,standard,month-to-month,38.29,32,1,12,4,yes,card,north,3.0,,No
11190,2024-06-12,standard,month-to-month,38.36,28,2,5,5,yes,netbanking,north,3.0,,No
10427,2025-10-05,standard,two year,$37.89,12 months,3,6,5,yes,cash,south,1.0,other,Yes
10004,2026-07-02,BASIC,month-to-month,19.89,3 months,0,1,2,no,cash,east,3.0,competitor,Yes
11897,2026-06-02,BASIC,one year,19.65,4 months,2,0,1,yes,card,west,3.0,,No
12826,2025-11-04,STANDARD,month-to-month,$43.31,11,2,2,1,yes,upi,north,2.0,service,Yes
12531,2022-01-24,basic,month-to-month,$20.82,57 months,1,8,3,yes,card,east,5.0,,No
12867,2023-11-15,BASIC,one year,16.35,35,1,3,4,yes,upi,north,4.0,,No
10565,2025-09-05,Premium,two year,$65.04,13,2,15,2,no,netbanking,south,5.0,,No
11901,2026-01-03, basic ,month-to-month,$18.61,9 months,3,2,2,no,netbanking,west,3.0,,Yes
11090,2026-07-02,STANDARD,two year,$41.56,3,0,16,1,no,cash,north,2.0,price,Yes
11982,2024-08-11,PREMIUM,month-to-month,$77.24,26,2,1,4,no,upi,west,2.0,moved,Yes
10357,2023-10-16, standard ,month-to-month,$39.19,36 months,3,6,1,yes,upi,south,2.0,moved,Yes
11698,2023-08-17,BASIC,one year,18.05,38,1,9,4,yes,upi,east,5.0,,No
11013,2024-10-10,STANDARD,month-to-month,$40.08,24 months,2,4,5,no,netbanking,west,4.0,,No
12780,2025-06-07, standard ,one year,$34.56,16,1,1,4,no,netbanking,south,3.0,service,Yes
11042,2025-08-06,STANDARD,month-to-month,$44.57,14 months,0,2,5,no,netbanking,south,3.0,,No
12451,2024-11-09,Basic,month-to-month,$19.45,23,1,4,1,yes,upi,north,2.0,other,Yes
12593,2026-02-02, standard ,one year,$40.30,8,1,5,5,yes,netbanking,north,1.0,,No
11808,2025-05-08,Basic,one year,17.44,17 months,1,11,1,no,netbanking,north,4.0,,No
12380,2023-08-17,STANDARD,one year,$37.99,38 months,2,8,2,no,upi,south,3.0,,No
11231,2026-04-03, standard ,two year,$34.49,6,1,7,4,yes,cash,west,3.0,,No
10474,2024-04-13,Basic,month-to-month,$21.95,30 months,2,2,3,yes,upi,east,4.0,service,Yes
10247,2023-11-15,Standard,month-to-month,36.09,35 months,0,7,5,yes,card,east,4.0,,No
10201,2025-03-09, standard ,two year,$42.69,19 months,1,3,4,no,cash,south,3.0,,No
12730,2020-11-30,BASIC,one year,$17.45,71,1,19,2,no,cash,east,3.0,,No
12866,2023-11-15,Basic,two year,20.08,35 months,3,7,2,yes,upi,north,2.0,,No
11476,2025-01-08, basic ,month-to-month,$14.87,21 months,1,3,5,yes,card,west,2.0,,No
10181,2022-02-23,basic,one year,18.15,56 months,1,17,5,yes,cash,west,1.0,,No
12113,2026-04-03,premium,month-to-month,69.70,6,3,12,1,no,netbanking,north,1.0,competitor,Yes
10350,2025-12-04,Standard,one year,39.82,10,1,9,2,no,upi,west,5.0,other,Yes
11678,2022-05-24, basic ,two year,19.97,53,2,21,3,yes,netbanking,south,5.0,,No
10930,2025-11-04, premium ,one year,$66.56,11,3,65,5,no,cash,west,3.0,price,Yes
11704,2025-03-09,basic,month-to-month,$23.93,19,1,5,4,yes,upi,south,2.0,,No
11661,2023-01-19,Standard,month-to-month,$38.45,45,3,3,3,no,upi,south,,,Yes
11991,2025-09-05,Standard,month-to-month,$39.15,13,2,1,4,no,card,west,5.0,,No
11600,2025-01-08,basic,two year,$16.80,21 months,1,4,2,yes,netbanking,south,1.0,,No
12902,2026-01-03,Standard,month-to-month,$39.90,9 months,2,1,4,no,upi,west,,,Yes
12702,2023-04-19,Basic,month-to-month,19.24,42,2,7,4,yes,upi,south,2.0,,No
12329,2024-09-10,premium,two year,$75.69,25 months,2,17,2,yes,netbanking,west,5.0,,No
11396,2024-08-11,premium,one year,$69.40,26 months,3,2,1,yes,upi,north,5.0,,No
12095,2025-07-07, standard ,month-to-month,38.63,15 months,1,4,2,yes,netbanking,north,3.0,other,Yes
11614,2022-11-20, standard ,month-to-month,$36.88,47 months,0,3,1,no,card,south,5.0,competitor,Yes
11424,2025-03-09,PREMIUM,one year,$64.09,19 months,4,0,5,yes,upi,west,2.0,,No
10345,2025-09-05,premium,month-to-month,$68.76,13,2,26,4,no,card,south,3.0,price,Yes
11423,2024-10-10,BASIC,month-to-month,$19.91,24 months,0,5,4,no,upi,north,4.0,,No
12332,2023-12-15,STANDARD,month-to-month,37.53,34 months,1,3,3,no,upi,east,3.0,price,Yes
10731,2026-06-02, basic ,month-to-month,$23.06,4 months,1,11,4,no,cash,east,4.0,moved,Yes
11117,2025-11-04,BASIC,month-to-month,$21.21,11,1,2,1,yes,card,east,3.0,,No
12988,2024-07-12,basic,month-to-month,22.26,27,3,6,5,yes,cash,east,4.0,,No
10588,2025-05-08,basic,one year,$20.89,17,4,16,3,no,card,west,5.0,,No
11420,2022-07-23,PREMIUM,one year,73.74,51 months,3,10,2,no,netbanking,west,4.0,,No
11382,2022-02-23,Basic,month-to-month,$20.21,56 months,0,6,1,yes,cash,north,5.0,,No
10177,2026-08-01,BASIC,one year,$15.56,2 months,1,8,1,no,cash,south,4.0,,Yes
10455,2023-10-16,STANDARD,two year,44.26,36 months,1,6,3,no,netbanking,west,4.0,competitor,Yes
10373,2026-08-01,Basic,one year,$18.25,2 months,2,10,3,yes,card,east,1.0,,No
12594,2023-01-19,standard,two year,$42.45,45 months,1,6,5,yes,netbanking,east,1.0,,No
12797,2025-11-04,standard,month-to-month,$38.84,11 months,1,17,4,no,netbanking,south,2.0,service,Yes
10548,2022-11-20,Basic,one year,$28.66,47 months,2,5,5,yes,upi,south,4.0,,No
12174,2025-12-04,standard,month-to-month,$43.30,10 months,1,1,3,no,netbanking,south,1.0,price,Yes
12452,2025-05-08,STANDARD,two year,$39.08,17,1,20,2,no,card,north,5.0,,No
12423,2024-08-11, standard ,month-to-month,$42.59,26 months,2,3,1,yes,card,west,1.0,other,Yes
12141,2023-10-16,PREMIUM,month-to-month,$76.28,36,1,1,1,yes,card,east,4.0,,No
12944,2024-03-14,PREMIUM,one year,$74.15,31,0,3,5,yes,card,east,4.0,,No
10601,2026-03-04,BASIC,two year,19.49,7 months,1,14,3,no,netbanking,east,2.0,,No
10317,2022-09-21,BASIC,one year,$19.57,49 months,0,13,3,no,card,west,1.0,,No
12733,2023-07-18,Basic,month-to-month,20.09,39,1,1,5,no,card,east,4.0,,No
10783,2022-05-24,BASIC,one year,24.38,53,1,17,4,no,card,north,2.0,,No
12562,2025-09-05, standard ,one year,37.31,13,3,17,1,yes,card,east,3.0,competitor,Yes
12623,2024-06-12,Basic,month-to-month,22.27,28,1,1,4,yes,cash,east,4.0,,No
11255,2025-06-07,STANDARD,month-to-month,40.40,16,0,6,3,no,card,south,1.0,,No
11756,2026-03-04, basic ,month-to-month,$20.45,7 months,3,15,3,yes,netbanking,west,1.0,other,Yes
10593,2024-09-10,Premium,month-to-month,70.62,25,5,31,3,no,upi,west,4.0,service,Yes
12274,2023-05-19, basic ,month-to-month,14.74,41,3,2,5,yes,cash,north,3.0,other,Yes
12379,2026-04-03,basic,month-to-month,$21.04,6,0,11,5,yes,cash,west,4.0,,Yes
12676,2026-01-03, basic ,two year,$24.04,9 months,2,1,3,no,card,north,5.0,,No
11817,2025-12-04, standard ,two year,40.83,10,1,4,4,yes,upi,south,5.0,,No
12960,2024-08-11,STANDARD,two year,$33.10,26 months,1,1,2,no,netbanking,north,2.0,,No
11926,2024-09-10,BASIC,month-to-month,$25.36,25 months,2,27,2,yes,netbanking,north,4.0,,Yes
11858,2021-09-26, basic ,one year,$20.24,61,1,1,2,yes,netbanking,south,4.0,,No
11647,2021-10-26,PREMIUM,month-to-month,70.96,60,1,11,3,yes,upi,north,3.0,moved,Yes
12254,2025-08-06,PREMIUM,month-to-month,74.75,14,2,16,1,yes,cash,east,1.0,,No
10283,2024-12-09,Basic,month-to-month,15.53,22,1,4,2,yes,cash,south,3.0,other,Yes
10186,2022-12-20,standard,month-to-month,$40.75,46,2,43,5,yes,netbanking,west,5.0,other,Yes
10453,2026-03-04,standard,month-to-month,$41.07,7,1,8,5,yes,card,west,4.0,moved,Yes
11265,2026-01-03, standard ,two year,39.85,9 months,1,4,5,no,upi,south,2.0,other,Yes
12655,2025-08-06,premium,one year,$66.37,14,1,3,4,yes,card,east,1.0,,No
12157,2024-12-09,STANDARD,one year,$39.10,22,1,1,2,no,upi,north,1.0,other,Yes
11662,2025-10-05,premium,one year,68.75,12 months,0,0,3,yes,cash,west,1.0,other,Yes
12335,2023-09-16,Standard,one year,$40.06,37,0,20,1,no,upi,west,1.0,,No
11425,2023-10-16, basic ,month-to-month,$13.63,36 months,1,2,5,yes,cash,north,4.0,,No
11518,2025-01-08,Basic,month-to-month,$18.08,21,0,8,4,yes,upi,south,2.0,price,Yes
12435,2023-05-19,PREMIUM,month-to-month,$68.70,41,2,17,3,yes,cash,north,2.0,moved,Yes
11721,2025-11-04,Standard,one year,$43.89,11,4,1,3,yes,upi,east,2.0,,No
10696,2024-05-13,PREMIUM,one year,62.66,29,0,42,1,yes,card,west,2.0,,No
11032,2025-08-06, basic ,month-to-month,$16.75,14,0,14,3,yes,cash,west,3.0,,Yes
12984,2022-11-20,Standard,one year,37.92,47 months,1,1,4,no,netbanking,west,1.0,,No
11107,2024-02-13,Basic,month-to-month,$20.29,32 months,1,1,2,yes,netbanking,east,5.0,,No
10849,2026-01-03,basic,month-to-month,18.90,9,0,15,1,yes,cash,west,5.0,other,Yes
12330,2024-05-13, premium ,month-to-month,$69.38,29 months,5,11,4,yes,upi,east,,price,Yes
11284,2025-08-06,BASIC,month-to-month,18.03,14 months,0,5,2,yes,upi,east,2.0,,No
12037,2022-10-21,PREMIUM,one year,$72.67,48 months,2,19,3,yes,netbanking,east,1.0,,No
12393,2021-07-28,basic,month-to-month,$22.04,63 months,1,9,3,yes,netbanking,west,4.0,,No
11818,2026-05-03, standard ,month-to-month,$37.08,5,0,2,2,no,cash,north,1.0,competitor,Yes
10548,2022-11-20,Basic,one year,$28.66,47 months,2,5,5,yes,upi,south,4.0,,No
12314,2023-03-20, basic ,month-to-month,$13.13,43 months,0,22,4,yes,netbanking,east,4.0,other,Yes
12140,2022-09-21, premium ,month-to-month,$67.05,49,0,8,4,yes,cash,east,3.0,,No
12937,2024-07-12,Basic,two year,$24.13,27 months,0,10,3,no,upi,east,1.0,,No
10924,2025-07-07, premium ,month-to-month,$68.39,15,1,4,5,yes,upi,south,5.0,,No
10607,2026-03-04,basic,one year,16.61,7 months,0,14,3,yes,netbanking,north,1.0,,No
11029,2023-02-18, standard ,two year,37.71,44,1,16,2,no,netbanking,north,1.0,,No
11195,2023-12-15,Standard,one year,$42.40,34,0,3,4,yes,card,south,2.0,,No
12357,2024-07-12,STANDARD,month-to-month,40.22,27,2,8,1,yes,cash,north,4.0,moved,Yes
10814,2023-06-18,BASIC,one year,$18.44,40 months,2,5,1,yes,cash,south,2.0,competitor,Yes
11871,2025-11-04,BASIC,one year,23.36,11 months,2,16,3,no,cash,north,3.0,,No
11400,2025-03-09,STANDARD,one year,38.10,19 months,1,36,5,no,card,north,5.0,,No
10796,2024-09-10,basic,one year,18.18,25 months,1,22,3,yes,upi,south,1.0,,No
12787,2025-09-05,basic,month-to-month,$22.07,13,1,22,4,no,netbanking,west,5.0,price,Yes
11119,2023-10-16,basic,two year,$20.55,36,2,30,1,yes,upi,east,2.0,,No
12530,2025-09-05,Basic,month-to-month,$15.88,13,2,1,3,yes,netbanking,north,1.0,price,Yes
12813,2023-03-20,basic,one year,$17.29,43,1,0,2,yes,cash,west,5.0,,No
10511,2026-01-03, standard ,two year,$34.34,9 months,2,14,4,no,netbanking,north,3.0,,No
12755,2024-05-13,Standard,month-to-month,$40.54,29 months,3,6,1,yes,upi,east,4.0,,No
12762,2025-04-08,BASIC,month-to-month,23.17,18 months,3,1,4,yes,card,west,1.0,price,Yes
11684,2025-03-09,Premium,two year,$72.46,19 months,1,6,1,yes,netbanking,south,4.0,,No
11093,2025-05-08,Standard,one year,$41.50,17 months,1,4,3,yes,card,south,,,No
10288,2025-12-04, basic ,two year,20.82,10 months,0,8,2,yes,cash,east,4.0,,No
12740,2025-12-04, premium ,one year,$66.20,10,1,2,4,yes,cash,north,3.0,,No
10961,2023-09-16, premium ,month-to-month,$72.04,37,1,7,4,no,netbanking,south,1.0,moved,Yes
10076,2025-02-07, standard ,two year,$44.33,20 months,0,3,2,yes,netbanking,south,2.0,,No
12086,2024-06-12,STANDARD,one year,45.24,28 months,4,2,3,no,netbanking,north,5.0,,No
11163,2024-08-11,STANDARD,month-to-month,$42.45,26,2,38,2,yes,card,north,3.0,other,Yes
10100,2026-02-02,premium,two year,$69.10,8 months,0,14,1,no,cash,south,1.0,,No
10750,2022-07-23,BASIC,two year,$25.18,51,0,17,5,no,netbanking,south,4.0,,No
12829,2026-02-02,standard,month-to-month,41.06,8 months,1,0,4,no,card,east,2.0,competitor,Yes
12084,2025-07-07, standard ,two year,40.54,15 months,0,1,4,yes,upi,north,1.0,,No
10306,2025-02-07,BASIC,month-to-month,$19.63,20 months,2,16,4,no,card,west,4.0,price,Yes
10316,2024-04-13,basic,two year,$22.75,30,2,13,3,no,netbanking,north,2.0,,No
12085,2026-02-02,premium,one year,75.37,8,3,0,3,yes,netbanking,north,2.0,,No
10072,2022-05-24,premium,month-to-month,$74.47,53 months,0,3,5,yes,upi,south,5.0,,No
10309,2026-08-01, basic ,month-to-month,20.90,2,3,8,3,yes,upi,west,3.0,moved,Yes
12218,2023-07-18,Basic,two year,17.20,39,0,23,4,yes,cash,south,4.0,,No
12383,2024-01-14, standard ,month-to-month,$41.71,33 months,1,7,3,yes,cash,south,4.0,,No
11749,2026-04-03,Premium,two year,$65.00,6,0,14,2,no,cash,west,3.0,competitor,Yes
12590,2025-06-07,STANDARD,month-to-month,$35.53,16 months,0,63,3,no,netbanking,west,,,No
11062,2025-11-04, premium ,month-to-month,$61.48,11,1,15,4,yes,netbanking,east,1.0,service,Yes
12131,2024-07-12,basic,month-to-month,$19.74,27 months,1,27,3,yes,netbanking,west,2.0,,No
11357,2026-05-03,STANDARD,two year,39.71,5 months,1,11,5,no,netbanking,west,4.0,,No
10037,2021-09-26,basic,month-to-month,19.52,61,2,3,2,yes,cash,south,,,No
12507,2023-02-18,BASIC,month-to-month,20.78,44 months,1,5,4,no,card,east,3.0,,No
11206,2024-11-09,STANDARD,one year,$43.91,23,1,2,5,yes,netbanking,south,1.0,,No
10982,2025-10-05,STANDARD,one year,$40.11,12,2,5,3,yes,card,west,1.0,,Yes
10678,2025-09-05, premium ,one year,$71.92,13 months,1,1,1,yes,upi,west,2.0,,No
10997,2024-12-09, standard ,two year,$38.46,22,2,18,3,no,card,south,1.0,moved,Yes
10826,2024-07-12,Basic,one year,16.94,27 months,2,1,3,yes,netbanking,south,2.0,,No
10666,2025-01-08,PREMIUM,one year,$71.10,21 months,1,7,2,yes,cash,north,4.0,,No
10335,2024-11-09,standard,one year,$39.26,23 months,1,1,2,no,upi,west,4.0,,No
10124,2022-06-23, basic ,month-to-month,$23.95,52,4,5,2,yes,card,east,4.0,,No
12479,2024-09-10,standard,month-to-month,$37.37,25 months,4,5,3,no,upi,south,4.0,service,Yes
12277,2025-01-08,standard,month-to-month,39.55,21,2,35,4,no,cash,west,2.0,other,Yes
12649,2026-02-02, basic ,one year,17.03,8 months,1,4,2,yes,cash,south,2.0,,No
12073,2025-09-05,Basic,two year,$20.00,13 months,1,14,3,yes,netbanking,west,1.0,other,Yes
10366,2026-03-04,BASIC,month-to-month,$21.07,7 months,2,5,1,yes,cash,north,1.0,price,Yes
10285,2024-10-10,Basic,two year,$15.68,24 months,2,1,5,yes,cash,north,3.0,,No
11421,2025-07-07,PREMIUM,one year,$68.80,15 months,0,0,1,yes,netbanking,east,,,No
10488,2026-04-03, basic ,month-to-month,$18.85,6 months,1,11,2,yes,card,north,,service,Yes
12000,2025-05-08,BASIC,month-to-month,$22.08,17 months,0,3,5,yes,netbanking,east,,,Yes
11625,2023-03-20,basic,month-to-month,$16.94,43,0,15,2,no,upi,east,5.0,,No
11626,2024-03-14,Standard,month-to-month,$43.29,31,1,21,4,yes,netbanking,south,,,No
10134,2024-08-11,Standard,month-to-month,$39.11,26,1,17,2,no,cash,west,1.0,competitor,Yes
11488,2024-02-13,basic,one year,$21.15,32,2,4,2,no,card,east,3.0,,No
12064,2025-10-05,standard,month-to-month,$39.16,12 months,4,27,2,yes,netbanking,west,1.0,service,Yes
10958,2025-05-08, standard ,two year,36.14,17,0,9,5,yes,cash,south,,,No
12223,2024-04-13,standard,month-to-month,41.50,30 months,0,5,1,yes,upi,north,1.0,price,Yes
12877,2023-11-15,basic,two year,$23.77,35 months,3,7,2,yes,netbanking,east,5.0,,No
12628,2026-07-02,basic,month-to-month,$14.50,3,0,2,2,yes,cash,north,4.0,,No
11642,2026-04-03,Standard,month-to-month,$38.61,6,2,16,5,yes,netbanking,south,,other,Yes
11126,2023-12-15,Basic,one year,$18.54,34 months,0,2,1,yes,cash,north,5.0,,No
11945,2025-08-06,basic,one year,21.49,14,2,0,2,yes,netbanking,south,3.0,service,Yes
12324,2024-01-14,PREMIUM,month-to-month,$69.75,33 months,0,2,5,no,upi,west,,,No
12234,2025-03-09,Standard,one year,$39.65,19 months,2,10,2,yes,netbanking,north,1.0,,No
11688,2023-01-19,Standard,one year,$42.16,45 months,1,10,4,no,cash,east,5.0,,No
10954,2020-10-31,standard,one year,$34.62,72 months,0,5,1,yes,netbanking,north,5.0,,No
10118,2022-12-20, basic ,one year,13.22,46 months,2,14,2,yes,netbanking,west,4.0,,No
10392,2022-09-21,basic,month-to-month,$23.26,49,1,3,1,yes,card,west,4.0,,No
12437,2026-05-03, standard ,month-to-month,$35.74,5 months,0,12,4,no,cash,south,1.0,price,Yes
11405,2025-06-07,BASIC,two year,$23.29,16 months,3,23,1,yes,card,east,3.0,,No
10599,2024-12-09,BASIC,month-to-month,$19.63,22,2,9,3,yes,card,east,1.0,service,Yes
10492,2026-06-02,standard,one year,$43.98,4,3,32,4,yes,card,west,3.0,other,Yes
10615,2024-10-10,premium,month-to-month,$72.27,24 months,0,11,5,no,upi,north,5.0,,Yes
10918,2024-10-10,STANDARD,month-to-month,$39.25,24 months,0,19,4,no,card,west,3.0,service,Yes
11266,2022-08-22,basic,two year,17.05,50 months,1,9,1,yes,upi,north,3.0,,No
12510,2024-10-10,BASIC,two year,$18.68,24,2,21,5,yes,netbanking,south,4.0,,No
10167,2025-09-05,Basic,two year,$17.15,13,1,13,5,yes,upi,west,1.0,,No
11902,2022-11-20,basic,one year,$21.18,47,1,3,2,yes,cash,south,4.0,,No
10841,2024-09-10,premium,one year,71.82,25 months,0,24,2,no,upi,south,3.0,,No
10273,2025-11-04,basic,month-to-month,$15.19,11,1,6,3,yes,cash,north,3.0,,No
11395,2025-09-05, premium ,one year,$72.02,13,1,0,2,yes,card,west,5.0,,No
12459,2026-05-03,premium,two year,$71.18,5,1,24,3,yes,cash,north,5.0,competitor,Yes
10540,2023-02-18,basic,month-to-month,24.87,44 months,2,5,4,no,upi,north,3.0,,Yes
12888,2025-05-08, standard ,one year,41.59,17 months,1,1,1,no,cash,north,1.0,,No
12110,2026-04-03,Premium,month-to-month,$70.42,6 months,1,0,5,yes,netbanking,north,4.0,,No
12462,2025-11-04, standard ,month-to-month,$39.21,11,1,22,2,yes,cash,east,4.0,competitor,Yes
10046,2026-08-31,PREMIUM,two year,$63.95,1 months,0,9,2,yes,cash,west,4.0,competitor,Yes
11734,2025-07-07,premium,month-to-month,68.09,15 months,2,14,2,yes,cash,west,1.0,,No
11128,2023-03-20, standard ,one year,41.57,43,1,9,2,yes,cash,west,4.0,,No
10062,2023-01-19,Premium,month-to-month,$66.91,45,2,8,3,yes,upi,south,2.0,,No
10780,2023-07-18,Standard,two year,$42.95,39 months,1,23,4,no,cash,east,2.0,,No
10689,2026-03-04,BASIC,month-to-month,$23.39,7 months,1,14,4,no,upi,north,2.0,service,Yes
12342,2024-06-12,Standard,month-to-month,$38.36,28,0,1,2,yes,card,west,2.0,,No
12493,2026-08-01,premium,month-to-month,68.43,2 months,1,14,2,yes,cash,south,5.0,,No
11137,2026-06-02,BASIC,one year,$21.66,4,1,11,3,yes,cash,east,4.0,,No
12743,2026-08-01,standard,month-to-month,$38.75,2 months,1,8,2,yes,upi,north,4.0,price,Yes
11270,2026-08-01,Standard,month-to-month,$41.28,2 months,2,2,3,yes,upi,east,4.0,service,Yes
12067,2024-12-09, standard ,one year,$35.79,22 months,1,1,5,yes,cash,south,4.0,,No
12870,2026-05-03, basic ,one year,$14.24,5 months,2,24,4,yes,upi,west,4.0,,No
12741,2025-02-07,Basic,one year,$17.11,20 months,2,22,4,no,upi,east,4.0,moved,Yes
12172,2025-01-08,STANDARD,two year,$40.43,21,2,18,2,yes,cash,west,4.0,,No
10579,2021-07-28,STANDARD,month-to-month,$39.08,63 months,0,10,5,yes,card,north,4.0,,No
10778,2024-05-13,PREMIUM,month-to-month,68.06,29,1,7,1,yes,cash,north,4.0,,No
10293,2025-06-07,STANDARD,two year,40.29,16,0,4,2,yes,upi,north,1.0,,No
10460,2026-01-03,STANDARD,two year,$40.69,9 months,2,6,2,no,cash,north,3.0,,No
10035,2022-01-24,Standard,month-to-month,$40.48,57,0,6,4,no,cash,east,1.0,other,Yes
11078,2020-10-31,standard,month-to-month,$44.12,72,1,13,3,yes,upi,west,3.0,,No
10543,2024-06-12,standard,month-to-month,$35.14,28,3,3,3,yes,cash,north,2.0,price,Yes
11951,2025-04-08,Basic,month-to-month,21.36,18,1,3,3,yes,cash,east,1.0,,No
10998,2025-10-05, basic ,one year,18.17,12 months,0,31,1,no,netbanking,west,3.0,,No
10257,2025-03-09,BASIC,month-to-month,$18.38,19 months,1,2,2,yes,card,south,1.0,competitor,Yes
10371,2023-08-17,STANDARD,month-to-month,$39.22,38 months,0,5,2,no,upi,north,4.0,,No
10081,2025-05-08,Premium,one year,66.01,17,2,10,2,yes,netbanking,south,3.0,,No
11581,2025-06-07,basic,two year,$24.13,16,1,7,3,no,cash,west,5.0,,No
10497,2025-07-07,standard,month-to-month,$40.15,15,4,1,4,yes,cash,south,3.0,moved,Yes
10729,2025-06-07,BASIC,month-to-month,$23.43,16 months,1,13,1,yes,card,west,2.0,,No
11022,2024-05-13,Premium,one year,72.08,29 months,0,12,1,yes,netbanking,east,3.0,,No
11806,2023-11-15, standard ,month-to-month,40.32,35 months,2,9,2,yes,upi,east,1.0,moved,Yes
10446,2026-02-02, basic ,two year,21.28,8 months,0,13,5,yes,cash,west,2.0,,No
11740,2026-02-02, standard ,month-to-month,$38.40,8,1,8,5,yes,card,south,3.0,competitor,Yes
12173,2025-04-08, standard ,month-to-month,35.41,18,0,19,5,no,netbanking,north,2.0,service,Yes
12693,2024-12-09,standard,two year,$43.37,22 months,1,2,1,yes,upi,west,3.0,,No
12977,2025-02-07,standard,two year,$40.64,20 months,1,19,5,yes,cash,north,4.0,,No
10517,2026-06-02, basic ,month-to-month,21.74,4,0,5,3,yes,cash,west,2.0,moved,Yes
11562,2025-01-08,Basic,month-to-month,$18.69,21 months,2,8,5,yes,card,east,1.0,competitor,Yes
12961,2025-10-05,STANDARD,one year,$41.86,12 months,1,3,3,yes,card,south,5.0,,No
11009,2025-03-09, basic ,two year,21.22,19 months,2,4,3,yes,cash,north,2.0,,No
11883,2024-11-09,PREMIUM,one year,$67.13,23 months,1,5,2,no,card,south,,service,Yes
10433,2025-12-04,basic,month-to-month,$14.25,10,0,1,1,yes,card,east,3.0,competitor,Yes
12962,2024-12-09, standard ,month-to-month,$36.11,22 months,1,8,2,yes,card,south,3.0,,Yes
10276,2025-07-07,basic,two year,19.14,15,2,0,1,no,upi,west,4.0,other,Yes
11047,2021-06-28,BASIC,month-to-month,20.85,64 months,1,3,4,yes,upi,west,3.0,,No
11768,2023-07-18, basic ,month-to-month,26.91,39 months,1,0,2,yes,cash,west,5.0,,No
10282,2026-04-03,basic,month-to-month,$21.16,6,1,5,3,no,netbanking,west,2.0,other,Yes
11935,2024-04-13, premium ,month-to-month,$68.52,30,2,15,4,no,card,west,2.0,price,Yes
11573,2026-01-03,STANDARD,month-to-month,$41.31,9,2,20,2,yes,netbanking,east,4.0,other,Yes
10646,2023-04-19, standard ,one year,$40.00,42,0,9,1,yes,netbanking,east,4.0,,No
12952,2024-12-09,premium,two year,66.34,22,1,3,1,yes,upi,south,5.0,,No
12549,2025-11-04,BASIC,month-to-month,$16.58,11,1,29,2,yes,card,north,1.0,price,Yes
12622,2024-03-14,premium,month-to-month,$67.28,31,4,2,1,yes,cash,west,2.0,competitor,Yes
12246,2025-08-06,Premium,month-to-month,71.84,14,1,14,2,yes,card,east,4.0,,No
11212,2022-10-21,basic,month-to-month,18.29,48,2,12,2,yes,card,east,1.0,other,Yes
10039,2025-12-04,Premium,one year,$75.20,10 months,1,0,2,no,netbanking,north,,,Yes
10336,2024-03-14,BASIC,one year,20.84,31 months,2,3,1,no,cash,north,2.0,moved,Yes
11156,2024-03-14, standard ,two year,$41.42,31,1,20,1,yes,card,west,3.0,,No
10541,2022-03-25,Standard,two year,$42.46,55,2,1,5,yes,cash,south,3.0,,No
10943,2025-12-04,PREMIUM,month-to-month,67.13,10,2,34,2,yes,card,east,5.0,price,Yes
10383,2024-07-12,Premium,one year,71.15,27,3,6,5,yes,cash,north,5.0,,No
12414,2024-06-12,BASIC,one year,20.84,28 months,2,5,1,no,card,east,4.0,,No
10885,2026-06-02,Standard,month-to-month,$39.12,4 months,0,11,2,no,card,east,5.0,,Yes
10240,2025-03-09, standard ,one year,40.64,19,0,16,2,no,card,south,2.0,,No
12478,2025-11-04,standard,two year,$39.10,11 months,2,15,3,yes,card,south,3.0,,No
11719,2025-04-08,STANDARD,month-to-month,$40.63,18 months,0,45,2,yes,netbanking,north,4.0,,No
11530,2024-05-13,Basic,two year,$17.91,29 months,2,2,1,yes,upi,east,1.0,,No
11175,2025-12-04,STANDARD,month-to-month,37.87,10,1,18,4,yes,upi,west,3.0,competitor,Yes
11979,2023-08-17,premium,month-to-month,$72.14,38 months,1,17,5,yes,cash,south,5.0,,No
12759,2021-04-29, basic ,month-to-month,$20.25,66,4,13,2,yes,netbanking,east,5.0,,No
12235,2025-02-07,basic,month-to-month,19.54,20,2,11,4,no,upi,south,4.0,moved,Yes
12040,2020-10-31,STANDARD,two year,$40.23,72,2,21,3,yes,card,east,2.0,,No
11800,2025-07-07,Premium,two year,$71.53,15,0,4,4,yes,cash,south,1.0,,No
11323,2026-06-02, standard ,month-to-month,$38.31,4,3,4,1,yes,netbanking,west,3.0,price,Yes
12005,2025-08-06,Premium,month-to-month,$66.41,14,0,2,1,yes,card,west,3.0,,No
10243,2026-07-02,Basic,one year,$24.20,3,2,18,3,yes,upi,south,2.0,,No
12391,2023-12-15,PREMIUM,two year,$68.45,34,0,10,3,no,card,south,5.0,,No
10569,2022-12-20,standard,one year,39.88,46,2,27,2,no,netbanking,south,3.0,moved,Yes
12216,2021-09-26,premium,one year,70.05,61,1,7,2,yes,netbanking,west,5.0,,No
10218,2025-11-04, basic ,one year,$20.27,11,1,1,2,yes,cash,east,1.0,,No
10649,2024-04-13, basic ,two year,$18.50,30,2,11,4,no,card,south,3.0,,No
11987,2023-09-16, premium ,one year,$75.27,37 months,0,7,1,yes,upi,east,4.0,,No
11522,2024-05-13,basic,month-to-month,$22.89,29,2,15,2,yes,netbanking,north,1.0,other,Yes
11188,2026-01-03, basic ,month-to-month,$13.97,9 months,0,7,3,yes,card,east,2.0,other,Yes
11724,2024-05-13,standard,month-to-month,$42.82,29 months,4,6,4,yes,card,north,3.0,other,Yes
10757,2023-12-15, standard ,month-to-month,$44.83,34,1,7,2,yes,upi,west,1.0,,No
10146,2023-10-16,BASIC,month-to-month,19.19,36,1,6,5,yes,upi,north,5.0,,No
10289,2025-11-04,Premium,month-to-month,75.42,11,0,4,5,yes,netbanking,west,,,Yes
12896,2024-06-12,Basic,one year,$23.97,28,1,17,3,yes,upi,east,1.0,,No
10560,2025-01-08,Basic,one year,$19.24,21 months,0,2,3,yes,upi,west,1.0,,No
10059,2022-07-23,Premium,one year,$71.97,51 months,1,9,3,yes,cash,north,4.0,,No
12036,2026-06-02, standard ,one year,$40.15,4 months,0,10,1,no,card,west,2.0,,No
12361,2025-04-08,basic,month-to-month,$22.59,18,0,26,4,yes,upi,east,1.0,other,Yes
10221,2025-02-07, standard ,month-to-month,35.55,20 months,1,11,5,no,netbanking,north,3.0,,No
10232,2024-06-12, standard ,month-to-month,$44.23,28 months,0,34,5,yes,card,west,1.0,competitor,Yes
10926,2023-11-15, premium ,one year,$68.64,35,4,1,2,no,cash,west,3.0,,No
12607,2025-07-07,basic,one year,$16.09,15,0,3,4,yes,card,west,3.0,,No
10147,2023-12-15,Basic,two year,$19.19,34 months,2,7,1,yes,upi,north,1.0,,No
11162,2024-11-09, standard ,two year,$43.84,23 months,1,1,2,yes,netbanking,north,2.0,,No
12077,2023-06-18,PREMIUM,month-to-month,$68.73,40 months,0,5,5,no,netbanking,west,5.0,,No
10084,2023-07-18,BASIC,month-to-month,21.11,39 months,1,3,1,yes,cash,south,4.0,,No
11348,2024-07-12,Standard,month-to-month,$35.65,27,3,1,5,yes,card,north,1.0,other,Yes
11715,2026-03-04,STANDARD,two year,$38.99,7 months,2,25,1,yes,upi,east,3.0,,No
10244,2024-01-14,Basic,month-to-month,$21.71,33,3,19,4,yes,card,west,3.0,,No
10771,2025-04-08,standard,one year,$35.07,18,1,3,2,yes,netbanking,west,4.0,,No
11077,2024-03-14,Basic,month-to-month,18.59,31 months,1,8,5,yes,netbanking,east,5.0,,No
11755,2023-08-17,STANDARD,month-to-month,$39.63,38,1,13,2,yes,cash,south,4.0,,No
12346,2025-10-05,Standard,one year,$41.82,12 months,0,41,4,yes,upi,south,3.0,,No
11273,2026-02-02,Standard,month-to-month,$37.01,8,2,9,2,no,upi,south,1.0,,Yes
10182,2025-03-09, standard ,one year,39.93,19,1,0,1,yes,netbanking,north,5.0,,No
10795,2023-11-15, basic ,two year,$17.28,35,0,1,3,no,card,west,5.0,,No
11216,2025-01-08, basic ,two year,21.07,21,2,8,1,no,cash,east,2.0,,No
11798,2025-01-08, standard ,two year,$39.07,21 months,1,20,1,yes,upi,west,4.0,price,Yes
10576,2025-09-05,STANDARD,one year,39.79,13 months,0,6,3,yes,upi,east,5.0,,No
11497,2026-02-02,BASIC,two year,$14.54,8,0,1,2,yes,upi,west,5.0,,No
11294,2024-04-13,Standard,one year,$42.63,30 months,1,4,2,yes,cash,south,1.0,,No
11132,2024-04-13,Standard,month-to-month,$45.02,30 months,2,7,2,yes,cash,west,4.0,,No
12659,2022-01-24, standard ,month-to-month,$40.09,57 months,0,1,5,yes,upi,north,5.0,other,Yes
11370,2025-03-09,standard,one year,$46.68,19,0,12,2,yes,cash,east,2.0,,No
11203,2026-02-02,Basic,one year,20.72,8,2,13,5,yes,upi,east,2.0,service,Yes
12788,2026-04-03,Standard,month-to-month,$41.37,6 months,2,9,1,yes,upi,north,3.0,,Yes
10304,2021-08-27, premium ,month-to-month,$71.17,62 months,1,7,5,no,card,north,4.0,,No
11610,2025-12-04,basic,two year,$22.39,10 months,6,10,4,yes,upi,south,2.0,,No
12205,2025-04-08,standard,two year,$37.70,18,0,2,2,no,card,east,1.0,,No
11828,2023-09-16, basic ,one year,$14.08,37 months,0,9,5,no,card,south,2.0,,No
11707,2023-07-18,STANDARD,month-to-month,$42.54,39,3,3,5,yes,netbanking,west,3.0,,No
10786,2024-03-14, standard ,two year,$44.27,31 months,1,8,5,yes,netbanking,east,2.0,,No
11865,2025-01-08,basic,month-to-month,$14.23,21,2,8,1,yes,netbanking,south,4.0,,No
10212,2024-02-13,STANDARD,month-to-month,$45.48,32,2,11,3,no,upi,north,5.0,,No
12418,2026-06-02, standard ,month-to-month,$41.34,4 months,0,16,3,no,upi,west,1.0,,Yes
12024,2025-10-05,Basic,month-to-month,$22.49,12,0,1,1,yes,cash,north,3.0,,Yes
12058,2026-05-03,standard,month-to-month,$38.43,5 months,1,8,3,yes,netbanking,east,1.0,,No
11781,2021-09-26, standard ,month-to-month,$37.47,61,0,2,5,yes,cash,north,2.0,,No
12487,2025-12-04,standard,month-to-month,$40.91,10,1,14,2,no,cash,west,3.0,price,Yes
11355,2025-01-08,standard,two year,$36.82,21 months,0,6,2,yes,card,south,2.0,,No
11496,2025-02-07,basic,one year,$23.67,20,2,19,2,yes,cash,east,3.0,,No
10571,2023-09-16,premium,one year,$66.79,37 months,0,16,1,yes,card,east,4.0,,No
10465,2025-12-04,Standard,month-to-month,$33.78,10 months,2,1,5,no,cash,south,2.0,price,Yes
12299,2024-06-12, standard ,month-to-month,$34.39,28,0,7,1,no,netbanking,west,3.0,service,Yes
11399,2024-07-12,basic,month-to-month,$23.65,27,2,12,2,yes,card,south,1.0,,Yes
12648,2023-12-15,PREMIUM,month-to-month,$76.59,34,0,0,4,yes,cash,north,5.0,,Yes
12210,2025-01-08,Basic,month-to-month,21.61,21 months,0,12,1,no,card,south,4.0,,Yes
12554,2024-06-12,Standard,one year,$41.70,28,0,6,1,no,cash,west,1.0,,No
10117,2025-04-08, standard ,month-to-month,39.77,18,2,4,3,yes,cash,west,1.0,moved,Yes
10461,2023-06-18,standard,month-to-month,37.34,40 months,3,2,4,no,card,south,4.0,,Yes
11438,2024-09-10, standard ,one year,$40.05,25,0,10,2,yes,card,east,2.0,,No
10621,2025-06-07,premium,month-to-month,$64.52,16 months,1,1,5,yes,cash,south,5.0,,No
11615,2024-08-11, standard ,two year,$36.91,26 months,2,11,2,yes,upi,east,5.0,,No
12426,2024-05-13,Standard,one year,$34.15,29,0,3,4,no,upi,south,2.0,competitor,Yes
11305,2024-04-13,Standard,one year,40.30,30,1,13,2,yes,netbanking,north,5.0,,No
10978,2025-11-04,Basic,month-to-month,15.96,11 months,0,14,3,yes,netbanking,south,5.0,moved,Yes
11380,2025-07-07,Standard,one year,$41.47,15 months,0,1,3,yes,netbanking,east,4.0,,No
11738,2024-02-13,basic,month-to-month,$16.98,32,1,4,4,yes,upi,east,1.0,,No
10712,2024-10-10, standard ,two year,$38.17,24,0,16,5,no,cash,south,2.0,,No
11668,2025-04-08,standard,two year,$37.31,18,1,1,2,yes,netbanking,east,1.0,,No
11882,2026-07-02,Premium,month-to-month,70.46,3,0,2,1,yes,upi,west,5.0,,No
10405,2026-07-02,STANDARD,month-to-month,$36.90,3,3,1,5,no,upi,south,4.0,moved,Yes
10430,2022-02-23,Basic,month-to-month,$18.80,56 months,1,1,2,no,netbanking,west,3.0,,No
11401,2024-11-09,BASIC,month-to-month,16.28,23,3,12,5,no,card,west,2.0,other,Yes
10682,2025-06-07,BASIC,two year,$24.53,16 months,2,24,5,no,cash,west,4.0,,No
10518,2026-03-04, basic ,month-to-month,$14.31,7,1,3,3,yes,cash,north,5.0,,No
12248,2025-01-08, basic ,two year,$20.13,21,0,1,1,yes,upi,south,2.0,,No
10769,2026-01-03,STANDARD,month-to-month,38.90,9 months,1,16,1,no,cash,east,4.0,competitor,Yes
12765,2025-04-08,standard,month-to-month,35.31,18,1,17,1,yes,upi,west,5.0,,No
10046,2026-08-31,PREMIUM,two year,$63.95,1 months,0,9,2,yes,cash,west,4.0,competitor,Yes
12194,2024-12-09, standard ,month-to-month,$40.75,22 months,2,1,1,yes,card,east,1.0,competitor,Yes
10467,2025-04-08,BASIC,month-to-month,$21.36,18,4,2,5,yes,upi,east,5.0,,No
12645,2024-11-09, basic ,month-to-month,$17.27,23,0,3,1,yes,card,west,1.0,,No
12377,2024-08-11,basic,month-to-month,22.79,26 months,0,49,3,no,cash,west,3.0,moved,Yes
12771,2025-10-05, standard ,month-to-month,40.86,12 months,0,8,4,yes,card,west,3.0,,No
12250,2025-04-08,Basic,month-to-month,8.42,18 months,0,10,4,yes,card,north,5.0,moved,Yes
10810,2026-06-02, standard ,month-to-month,$42.61,4,1,3,2,yes,upi,east,5.0,,No
10690,2023-12-15,standard,month-to-month,$40.10,34,5,12,2,no,netbanking,north,2.0,,No
12368,2025-12-04,BASIC,month-to-month,$20.66,10 months,2,23,1,no,card,west,3.0,,No
10758,2021-12-25,BASIC,month-to-month,$18.30,58,1,13,3,no,cash,east,1.0,,Yes
12033,2025-08-06,basic,month-to-month,$20.70,14,4,31,5,no,netbanking,north,2.0,service,Yes
11487,2024-10-10,Standard,one year,$40.70,24 months,1,11,2,no,upi,south,4.0,,No
10753,2023-03-20,Premium,one year,69.19,43,0,8,4,yes,upi,north,,,No
11322,2024-04-13,Basic,one year,$20.61,30,0,4,4,yes,cash,north,2.0,,No
10307,2024-07-12,STANDARD,month-to-month,41.43,27 months,0,12,1,yes,cash,south,,competitor,Yes
10482,2024-12-09,basic,month-to-month,$17.94,22,2,1,2,yes,netbanking,east,4.0,,No
10162,2025-09-05,Standard,two year,$35.99,13 months,1,11,5,yes,cash,north,1.0,service,Yes
11289,2025-04-08,standard,month-to-month,43.18,18,1,1,4,yes,upi,north,3.0,other,Yes
10923,2025-12-04,basic,month-to-month,17.09,10 months,0,4,1,yes,upi,north,4.0,service,Yes
12015,2023-03-20,premium,month-to-month,71.75,43 months,1,4,4,no,upi,west,5.0,,No
10852,2025-10-05,BASIC,month-to-month,$20.09,12,0,8,2,yes,cash,south,3.0,,No
10449,2025-08-06, premium ,one year,72.52,14,0,16,2,yes,card,east,4.0,,No
11977,2024-04-13,Basic,one year,21.23,30,2,4,2,yes,netbanking,south,4.0,,No
10652,2023-06-18,Premium,month-to-month,65.28,40,0,1,1,no,netbanking,east,4.0,,Yes
11186,2025-02-07, standard ,two year,46.30,20 months,2,27,4,yes,upi,south,5.0,price,Yes
12275,2026-02-02,BASIC,two year,$16.33,8,2,6,3,yes,card,west,2.0,,No
12345,2025-10-05, standard ,one year,$38.83,12 months,1,17,4,no,cash,east,4.0,,No
12041,2023-11-15, standard ,two year,$34.58,35,1,2,1,yes,cash,west,1.0,,No
11075,2024-11-09, standard ,month-to-month,38.54,23 months,2,2,3,no,upi,west,2.0,,Yes
12157,2024-12-09,STANDARD,one year,$39.10,22,1,1,2,no,upi,north,1.0,other,Yes
11201,2024-10-10,BASIC,month-to-month,$19.33,24,0,16,4,no,netbanking,east,5.0,,No
10609,2025-05-08,Standard,one year,$45.92,17,0,3,5,yes,netbanking,north,3.0,,No
12625,2025-07-07,standard,month-to-month,34.64,15,0,1,3,no,card,north,4.0,competitor,Yes
11309,2025-02-07, standard ,two year,44.60,20,0,2,3,yes,netbanking,north,5.0,,No
10912,2025-05-08,basic,month-to-month,21.75,17,1,8,1,yes,cash,west,5.0,,No
12354,2023-08-17,standard,two year,41.01,38,1,24,5,no,netbanking,south,4.0,,No
11278,2026-02-02,Standard,month-to-month,$42.20,8,2,5,1,yes,netbanking,north,2.0,,Yes
11055,2024-03-14,standard,month-to-month,$38.12,31,0,1,4,no,netbanking,east,4.0,,No
12573,2024-03-14, standard ,one year,$39.66,31,0,12,4,yes,netbanking,east,2.0,,No
10040,2026-03-04, standard ,month-to-month,$37.21,7,0,0,5,no,netbanking,north,2.0,other,Yes
10031,2025-03-09,Basic,month-to-month,22.95,19,0,2,4,no,netbanking,east,2.0,,No
12621,2020-10-31,Standard,one year,36.23,72 months,2,6,3,yes,upi,north,2.0,,No
12812,2024-03-14, standard ,one year,45.38,31,1,9,1,yes,upi,south,1.0,service,Yes
10732,2026-03-04,PREMIUM,month-to-month,$67.06,7 months,2,15,2,no,upi,south,1.0,service,Yes
12514,2022-03-25, standard ,two year,$44.82,55,1,17,1,yes,upi,north,2.0,,No
12533,2025-12-04,BASIC,month-to-month,$19.50,10,2,2,4,no,card,west,5.0,competitor,Yes
12148,2026-07-02,Premium,one year,$74.08,3 months,4,7,2,yes,upi,south,1.0,service,Yes
11295,2024-12-09,Basic,one year,$20.24,22 months,1,31,5,yes,upi,east,5.0,,No
12417,2024-11-09,BASIC,one year,$21.71,23 months,3,3,5,yes,card,north,,,Yes
10388,2023-05-19,Premium,month-to-month,71.90,41 months,3,12,1,yes,netbanking,north,3.0,moved,Yes
11544,2024-11-09,premium,one year,$68.48,23,2,6,3,yes,cash,east,4.0,,No
11067,2022-04-24,BASIC,month-to-month,21.69,54,1,12,4,no,card,south,1.0,,No
11443,2024-10-10,premium,month-to-month,$67.37,24,2,29,2,no,upi,north,4.0,price,Yes
10377,2026-06-02,standard,two year,$47.92,4,0,19,5,yes,cash,east,4.0,,No
11904,2025-03-09,Basic,one year,$21.73,19 months,1,14,2,yes,upi,south,1.0,,No
10249,2025-01-08, premium ,one year,67.74,21,1,21,2,no,netbanking,south,1.0,other,Yes
11797,2023-03-20, standard ,month-to-month,$33.52,43 months,1,23,2,yes,upi,east,5.0,,Yes
12652,2024-05-13,Standard,one year,$41.81,29 months,1,3,4,no,upi,south,4.0,,Yes
11264,2025-07-07,Standard,month-to-month,$40.99,15 months,1,20,3,yes,card,west,5.0,service,Yes
12865,2024-07-12,Standard,month-to-month,$35.93,27,1,6,2,no,card,west,3.0,,No
10044,2026-04-03,Basic,month-to-month,$20.88,6 months,1,6,3,yes,card,east,2.0,competitor,Yes
11746,2024-06-12, basic ,one year,$24.10,28,1,28,3,yes,cash,north,3.0,price,Yes
10456,2023-04-19,PREMIUM,month-to-month,$66.15,42,4,5,2,yes,upi,south,2.0,other,Yes
11463,2023-10-16,STANDARD,one year,$42.32,36,1,11,4,no,cash,west,5.0,,No
12753,2024-12-09,Basic,month-to-month,$21.21,22 months,3,13,1,no,netbanking,north,,competitor,Yes
11860,2023-07-18,standard,month-to-month,38.55,39,1,3,2,yes,card,east,2.0,,No
12081,2025-03-09, standard ,one year,$42.34,19 months,3,4,4,yes,card,west,1.0,,No
10415,2024-12-09,STANDARD,month-to-month,$40.11,22,1,5,4,yes,netbanking,north,3.0,,Yes
12099,2025-08-06,standard,month-to-month,36.66,14 months,1,0,1,yes,cash,south,3.0,,No
12278,2024-02-13,PREMIUM,month-to-month,$71.61,32,0,10,3,yes,netbanking,south,1.0,,No
12088,2026-04-03,Basic,month-to-month,$20.29,6 months,3,15,1,yes,netbanking,east,4.0,price,Yes
10115,2025-11-04, standard ,month-to-month,$38.26,11 months,4,5,4,yes,netbanking,south,2.0,price,Yes
11080,2024-04-13,BASIC,one year,$25.54,30 months,1,2,1,no,cash,east,5.0,,No
11848,2025-11-04,Basic,month-to-month,$21.07,11 months,2,10,1,yes,cash,south,,,No
11354,2024-08-11,BASIC,month-to-month,$23.71,26 months,2,1,1,yes,card,east,,other,Yes
12091,2021-11-25,STANDARD,two year,$43.62,59 months,2,5,4,no,netbanking,south,,,No
11895,2026-06-02,Basic,month-to-month,$18.89,4 months,2,24,4,no,upi,north,3.0,other,Yes
11673,2025-12-04,Basic,two year,19.66,10 months,0,13,5,no,cash,west,5.0,,No
12734,2025-11-04, standard ,month-to-month,$39.22,11,3,10,3,no,card,north,1.0,competitor,Yes
12160,2023-01-19,basic,month-to-month,20.79,45,2,9,4,no,card,west,1.0,service,Yes
12785,2023-10-16, basic ,month-to-month,$23.31,36 months,0,5,2,no,card,east,3.0,,No
10170,2023-10-16,Premium,month-to-month,$72.89,36,1,3,4,no,netbanking,west,4.0,other,Yes
10749,2024-01-14,STANDARD,month-to-month,$38.30,33,2,5,5,no,upi,west,,,No
12832,2025-12-04,standard,two year,40.26,10,3,2,3,no,card,west,4.0,,No
12326,2021-03-30,basic,one year,19.59,67 months,1,12,3,yes,netbanking,east,4.0,,No
10523,2025-09-05, premium ,one year,69.95,13 months,1,24,3,yes,cash,west,,,No
11468,2026-02-02, premium ,one year,$69.16,8,1,10,2,yes,card,north,2.0,,Yes
12954,2025-11-04,BASIC,one year,$18.08,11 months,3,9,1,yes,cash,east,5.0,,No
10713,2024-09-10, premium ,month-to-month,$70.34,25 months,1,17,5,yes,card,east,1.0,moved,Yes
11221,2025-10-05,basic,month-to-month,$15.72,12,0,1,5,yes,upi,east,5.0,,No
10917,2025-08-06,Basic,month-to-month,18.75,14 months,2,54,5,yes,netbanking,west,3.0,moved,Yes
10804,2024-10-10,standard,month-to-month,$40.83,24 months,2,4,3,yes,cash,east,2.0,price,Yes
11068,2025-05-08, standard ,month-to-month,$35.76,17,0,20,2,no,cash,north,2.0,other,Yes
10525,2025-05-08,PREMIUM,one year,$67.93,17 months,1,17,1,no,upi,west,5.0,,No
12016,2024-09-10,Premium,month-to-month,65.66,25 months,1,3,5,yes,cash,east,4.0,,No
10722,2024-08-11,BASIC,month-to-month,18.34,26 months,1,1,3,yes,upi,north,1.0,,Yes
11916,2021-04-29,Premium,month-to-month,$63.07,66 months,1,13,1,no,netbanking,east,1.0,,No
10977,2022-09-21,premium,two year,$74.65,49 months,1,6,1,yes,card,west,1.0,,No
10746,2025-08-06,Premium,one year,$73.38,14,2,10,4,no,netbanking,north,4.0,,No
12039,2021-01-29,premium,month-to-month,$67.59,69 months,2,30,5,yes,netbanking,south,4.0,,No
10471,2024-10-10,Standard,month-to-month,$42.16,24,1,2,2,yes,upi,east,5.0,other,Yes
10338,2026-08-01, standard ,one year,$43.22,2,2,5,4,yes,cash,west,4.0,,No
10567,2025-10-05, premium ,month-to-month,$74.83,12,0,24,5,no,netbanking,south,5.0,,No
11903,2025-10-05, premium ,month-to-month,$68.13,12,0,4,2,yes,netbanking,south,3.0,,No
11805,2022-01-24,basic,month-to-month,$21.69,57 months,3,2,1,yes,upi,north,2.0,,No
12552,2025-03-09,standard,month-to-month,$38.56,19 months,0,1,3,no,upi,west,1.0,moved,Yes
12308,2026-07-02,Premium,month-to-month,$67.22,3 months,0,0,3,yes,cash,east,4.0,,No
12327,2020-10-31, premium ,month-to-month,70.30,72 months,3,0,1,yes,card,east,2.0,,No
11024,2025-05-08,Basic,one year,$23.28,17,0,4,3,no,card,south,3.0,,No
12153,2025-01-08,STANDARD,one year,40.14,21,0,4,4,no,cash,south,1.0,,No
11554,2025-01-08,Basic,month-to-month,$22.20,21 months,0,0,1,no,upi,west,5.0,service,Yes
10626,2024-08-11,Premium,month-to-month,$67.97,26,3,9,3,yes,upi,south,1.0,competitor,Yes
12757,2020-10-31,STANDARD,month-to-month,$38.36,72 months,3,2,5,yes,netbanking,south,2.0,,Yes
10053,2024-10-10,standard,month-to-month,$39.47,24 months,1,2,1,no,upi,east,5.0,,No
12547,2025-05-08,Basic,month-to-month,$18.32,17,1,4,3,no,netbanking,west,3.0,moved,Yes
11591,2023-03-20,standard,two year,$41.97,43 months,0,7,1,yes,netbanking,east,2.0,,No
10196,2024-11-09,Premium,month-to-month,70.66,23,1,1,2,yes,cash,west,2.0,,No
11919,2024-06-12, standard ,month-to-month,$33.93,28 months,1,21,4,no,netbanking,north,2.0,moved,Yes
10645,2024-02-13,Standard,one year,$40.20,32,2,3,2,yes,upi,west,3.0,,No
10066,2025-05-08,PREMIUM,month-to-month,$71.08,17 months,2,15,3,no,netbanking,south,,,No
11417,2025-07-07, standard ,month-to-month,42.51,15,1,3,1,yes,cash,south,4.0,competitor,Yes
12782,2026-03-04,STANDARD,month-to-month,42.80,7,1,11,3,yes,upi,south,2.0,,Yes
10424,2024-09-10,basic,month-to-month,$25.12,25,1,32,5,yes,cash,south,2.0,other,Yes
10399,2025-03-09,PREMIUM,one year,$67.47,19,2,27,2,yes,netbanking,south,2.0,,No
10784,2023-07-18,Basic,one year,20.12,39,2,12,4,no,cash,west,4.0,,No
11937,2025-02-07, basic ,month-to-month,$19.75,20 months,0,4,5,yes,cash,west,2.0,,No
10284,2023-05-19,STANDARD,month-to-month,$41.93,41 months,0,4,2,no,card,west,5.0,,No
11965,2023-05-19,BASIC,one year,$19.09,41,2,8,4,no,upi,south,1.0,,No
12481,2024-06-12,Basic,two year,17.02,28 months,1,2,4,yes,netbanking,south,4.0,,No
11253,2025-05-08,Premium,month-to-month,$74.94,17 months,4,17,1,no,upi,north,2.0,service,Yes
11956,2025-12-04,Standard,month-to-month,$42.52,10 months,0,2,3,no,cash,east,1.0,,Yes
11877,2025-09-05, basic ,month-to-month,$17.20,13 months,0,6,5,yes,cash,west,3.0,other,Yes
11063,2024-03-14, standard ,two year,$35.40,31,2,3,2,yes,cash,west,5.0,price,Yes
11730,2023-03-20,PREMIUM,one year,67.86,43,1,3,1,yes,card,east,3.0,,No
11816,2024-11-09,BASIC,two year,20.77,23,4,7,1,no,cash,south,4.0,,No
11331,2024-04-13, basic ,month-to-month,17.86,30 months,2,9,1,yes,netbanking,south,1.0,,Yes
12280,2025-06-07, basic ,month-to-month,$20.04,16 months,1,11,5,yes,netbanking,north,,other,Yes
12725,2025-06-07, standard ,month-to-month,$42.68,16,2,14,4,yes,cash,east,5.0,other,Yes
10904,2025-01-08,Basic,month-to-month,$27.54,21,1,3,3,yes,netbanking,south,2.0,,No
12847,2026-05-03, basic ,two year,$20.73,5 months,3,12,4,yes,netbanking,west,1.0,other,Yes
11142,2025-12-04,Standard,one year,$36.75,10,3,9,4,no,cash,north,1.0,,Yes
12861,2025-06-07, standard ,month-to-month,$40.21,16,2,25,5,yes,netbanking,west,3.0,price,Yes
12848,2022-07-23,STANDARD,one year,$40.53,51,2,14,5,no,upi,east,4.0,,No
11493,2026-08-01, standard ,month-to-month,36.86,2,1,3,2,no,cash,west,4.0,,No
11819,2025-03-09, standard ,month-to-month,$36.03,19,0,12,2,yes,cash,west,1.0,moved,Yes
11251,2025-10-05,Standard,two year,$39.56,12,1,6,2,yes,upi,east,5.0,,No
12399,2026-02-02,Basic,one year,18.58,8,2,33,3,no,upi,west,5.0,service,Yes
10553,2024-04-13,Basic,month-to-month,$19.31,30 months,0,14,2,no,cash,west,2.0,moved,Yes
10829,2025-10-05, basic ,month-to-month,$19.90,12 months,1,9,5,yes,cash,west,,competitor,Yes
10198,2025-05-08,basic,month-to-month,$16.81,17 months,1,32,3,yes,card,north,3.0,moved,Yes
11506,2025-10-05, standard ,one year,$40.12,12 months,0,5,5,yes,cash,north,2.0,,No
11395,2025-09-05, premium ,one year,$72.02,13,1,0,2,yes,card,west,5.0,,No
11437,2026-08-01,standard,month-to-month,$39.93,2 months,2,19,1,no,upi,west,5.0,moved,Yes
12070,2025-02-07, basic ,month-to-month,16.48,20 months,1,6,3,yes,cash,east,3.0,,No
11144,2025-04-08,BASIC,one year,$23.88,18,0,1,5,yes,netbanking,north,3.0,,No
11793,2025-12-04,PREMIUM,one year,$70.22,10 months,2,9,5,yes,card,south,3.0,competitor,Yes
12508,2026-04-03,Basic,one year,$19.47,6 months,1,7,3,yes,card,north,2.0,,No
11166,2026-01-03,Basic,month-to-month,$18.06,9 months,2,17,2,no,netbanking,north,2.0,moved,Yes
11027,2025-08-06,STANDARD,month-to-month,36.20,14 months,2,1,4,yes,upi,north,2.0,price,Yes
12363,2026-01-03, basic ,month-to-month,$24.49,9 months,1,11,5,yes,netbanking,west,1.0,service,Yes
12678,2025-06-07,Premium,month-to-month,$70.90,16,1,24,5,yes,cash,west,1.0,service,Yes
10603,2023-11-15,basic,two year,18.48,35,1,2,3,no,cash,north,4.0,,No
10387,2023-11-15,BASIC,month-to-month,17.53,35,1,2,4,yes,card,north,2.0,price,Yes
12162,2023-10-16,STANDARD,month-to-month,$39.81,36 months,4,3,4,yes,cash,east,2.0,,No
12897,2024-03-14,BASIC,month-to-month,$13.93,31 months,2,4,4,no,netbanking,north,3.0,,No
11336,2025-02-07,basic,two year,$23.47,20,0,10,1,yes,cash,north,2.0,,No
12687,2024-01-14,standard,one year,$34.45,33,3,1,1,no,cash,south,4.0,,No
10805,2026-07-02,premium,month-to-month,$71.52,3,2,1,3,no,upi,north,3.0,,Yes
10953,2026-03-04,basic,month-to-month,$20.92,7 months,1,12,5,yes,card,east,3.0,,No
10493,2026-01-03,PREMIUM,two year,$69.45,9,1,2,4,yes,card,east,3.0,,No
10697,2025-03-09, basic ,month-to-month,$22.24,19,0,30,4,no,card,north,3.0,moved,Yes
10341,2024-01-14,Basic,one year,$14.93,33 months,0,25,5,yes,upi,west,5.0,,No
12806,2026-08-01, basic ,month-to-month,$22.52,2 months,1,1,1,yes,upi,north,2.0,,Yes
12868,2024-06-12,basic,month-to-month,26.79,28,2,5,5,no,cash,north,5.0,other,Yes
10166,2024-09-10,premium,one year,$75.56,25,2,13,5,no,card,east,3.0,price,Yes
12680,2021-11-25,PREMIUM,month-to-month,71.02,59,2,20,2,yes,cash,south,2.0,,No
11639,2024-04-13,basic,one year,19.58,30,2,4,1,no,cash,east,3.0,,No
11619,2025-12-04,Standard,one year,$42.57,10 months,0,2,5,no,card,west,2.0,,No
10485,2025-03-09,STANDARD,one year,$37.84,19 months,2,9,4,yes,card,south,3.0,,No
12873,2026-02-02,basic,two year,$23.08,8 months,2,12,2,yes,netbanking,east,2.0,,No
12568,2024-07-12,standard,two year,$41.18,27 months,3,5,3,no,netbanking,north,,,No
11464,2024-10-10, premium ,month-to-month,72.42,24,0,21,3,yes,cash,east,4.0,competitor,Yes
10155,2025-12-04,premium,month-to-month,$71.37,10,4,14,3,yes,card,south,5.0,other,Yes
12585,2024-04-13,standard,month-to-month,$44.10,30,3,2,3,no,upi,south,1.0,,Yes
10592,2025-05-08,STANDARD,month-to-month,$40.79,17,0,22,3,yes,card,north,3.0,other,Yes
12168,2025-08-06, premium ,one year,73.31,14 months,2,7,1,yes,cash,west,,,No
11471,2023-07-18, standard ,month-to-month,$39.26,39,1,3,2,no,cash,east,1.0,moved,Yes
10379,2026-03-04,Premium,one year,$71.74,7,2,2,1,yes,cash,east,2.0,,No
11028,2026-03-04, standard ,two year,$39.64,7 months,0,9,5,no,netbanking,west,2.0,,No
12824,2022-07-23,PREMIUM,one year,72.29,51,1,0,4,yes,netbanking,east,4.0,,No
12714,2024-12-09,Standard,month-to-month,41.98,22 months,2,1,5,yes,netbanking,south,1.0,,Yes
12600,2025-09-05,premium,one year,60.65,13,0,6,4,no,upi,north,2.0,,No
10067,2025-04-08,BASIC,month-to-month,$21.38,18 months,0,10,3,yes,netbanking,east,5.0,,No
10119,2026-02-02,basic,month-to-month,17.78,8,4,29,5,no,upi,west,2.0,price,Yes
10003,2025-07-07, basic ,month-to-month,19.61,15 months,1,0,4,no,card,north,5.0,,No
11560,2025-04-08,standard,month-to-month,$41.19,18 months,2,30,3,yes,card,south,2.0,moved,Yes
12602,2025-05-08,Basic,month-to-month,$17.57,17,1,3,2,yes,netbanking,south,2.0,moved,Yes
12139,2026-05-03, standard ,month-to-month,$39.62,5 months,3,9,5,yes,cash,north,4.0,competitor,Yes
12850,2026-06-02,BASIC,month-to-month,$15.64,4,0,6,2,yes,card,north,4.0,,No
10412,2026-04-03,PREMIUM,month-to-month,$68.41,6,2,52,1,no,upi,west,1.0,other,Yes
11226,2025-12-04, basic ,two year,$21.07,10,1,20,3,yes,netbanking,east,4.0,,No
12279,2026-08-01,Standard,one year,40.97,2 months,0,0,4,no,netbanking,south,5.0,,No
11394,2025-01-08, standard ,two year,$36.20,21 months,1,0,3,no,upi,north,,,No
10838,2025-07-07, premium ,two year,$68.85,15 months,1,1,4,yes,cash,north,5.0,,No
10250,2020-10-31,standard,one year,37.66,72,1,1,1,no,upi,north,3.0,,Yes
11410,2020-10-31, standard ,one year,42.42,72 months,1,14,4,yes,netbanking,south,3.0,,No
11851,2024-04-13,STANDARD,month-to-month,$42.48,30 months,0,22,2,no,upi,south,4.0,,No
12027,2026-02-02,standard,month-to-month,38.84,8 months,4,7,4,no,netbanking,north,1.0,,Yes
10533,2024-04-13,premium,month-to-month,$72.75,30,2,1,1,no,card,south,1.0,price,Yes
12416,2025-04-08,basic,month-to-month,$24.23,18,1,10,1,no,card,south,4.0,,Yes
10272,2024-09-10,BASIC,month-to-month,$21.83,25,2,5,3,yes,card,south,3.0,,No
10344,2024-12-09,BASIC,month-to-month,26.36,22,2,2,4,yes,card,east,2.0,service,Yes
10278,2026-06-02, basic ,month-to-month,$17.47,4,3,40,5,yes,netbanking,north,4.0,moved,Yes
10466,2025-08-06,STANDARD,month-to-month,39.64,14 months,1,6,4,yes,card,west,,moved,Yes
11330,2025-04-08,Basic,two year,$23.59,18 months,1,40,1,no,cash,west,,,No
10574,2023-02-18, basic ,month-to-month,18.10,44,2,19,2,no,cash,south,1.0,,Yes
10280,2022-10-21,standard,one year,$35.75,48,2,19,3,yes,cash,west,4.0,,No
10368,2022-05-24, standard ,one year,$42.52,53,1,4,2,no,cash,south,5.0,,No
10023,2026-04-03, basic ,month-to-month,17.26,6 months,3,22,5,yes,card,north,5.0,moved,Yes
10760,2026-03-04, standard ,month-to-month,$37.26,7 months,1,35,5,yes,cash,east,1.0,other,Yes
11786,2025-12-04,STANDARD,one year,$34.97,10,1,8,2,yes,cash,east,2.0,,No
10836,2024-05-13,Premium,month-to-month,$71.77,29,2,27,4,yes,cash,north,2.0,moved,Yes
10086,2024-04-13,BASIC,one year,$17.54,30 months,2,19,4,no,netbanking,east,5.0,,No
10845,2024-01-14,BASIC,month-to-month,$23.28,33 months,2,26,1,yes,card,north,5.0,,No
12627,2024-06-12,STANDARD,one year,$39.00,28 months,1,2,2,yes,cash,north,5.0,,No
12026,2024-05-13,basic,one year,$22.40,29,1,3,3,yes,card,west,4.0,,No
12686,2025-09-05,Basic,month-to-month,23.45,13 months,1,3,1,no,netbanking,north,2.0,,No
11577,2025-10-05,BASIC,one year,22.94,12 months,1,9,4,yes,upi,west,2.0,,No
11016,2022-12-20,standard,month-to-month,42.73,46,0,5,2,no,upi,west,4.0,,No
12892,2023-09-16,basic,month-to-month,19.29,37 months,0,8,2,no,netbanking,east,1.0,price,Yes
11141,2026-05-03, basic ,two year,$19.28,5 months,1,1,1,yes,upi,south,3.0,,No
12603,2022-07-23,Basic,month-to-month,$14.43,51,0,9,4,no,upi,west,5.0,,No
12002,2022-09-21, basic ,month-to-month,$20.83,49,1,17,5,no,card,north,2.0,,No
10353,2024-10-10,basic,one year,$20.28,24 months,1,9,4,no,card,south,2.0,,No
12419,2026-04-03,premium,month-to-month,$68.21,6,0,28,1,yes,cash,east,4.0,,No
11520,2025-05-08,BASIC,month-to-month,21.95,17,1,5,5,yes,card,north,,price,Yes
10008,2023-05-19,STANDARD,two year,$41.07,41,1,13,2,no,cash,west,3.0,,No
11564,2025-04-08,basic,month-to-month,$18.24,18,1,1,4,no,card,south,2.0,,No
12094,2024-11-09,standard,month-to-month,$34.69,23,2,11,3,yes,cash,north,3.0,,No
12839,2024-12-09,standard,month-to-month,$33.22,22,3,4,4,yes,netbanking,south,3.0,competitor,Yes
11449,2026-03-04,BASIC,one year,$22.69,7 months,2,8,3,yes,card,east,3.0,,No
11994,2025-07-07,premium,two year,$72.91,15 months,0,21,5,no,netbanking,east,4.0,,No
12609,2024-10-10, premium ,month-to-month,$68.35,24 months,0,3,5,no,cash,south,2.0,,Yes
12660,2024-09-10,PREMIUM,month-to-month,74.38,25,1,1,5,yes,netbanking,west,5.0,,No
12751,2023-07-18,PREMIUM,two year,$68.73,39,0,10,4,yes,upi,east,1.0,other,Yes
10236,2025-10-05,PREMIUM,one year,67.78,12,3,8,1,yes,netbanking,north,,competitor,Yes
11887,2026-04-03,basic,month-to-month,25.38,6 months,3,0,2,yes,netbanking,north,,,No
11145,2026-06-02,PREMIUM,one year,68.33,4,3,1,2,no,upi,south,1.0,other,Yes
11545,2026-06-02,BASIC,two year,$18.71,4,3,10,1,yes,upi,north,4.0,,No
10950,2025-02-07,PREMIUM,one year,$66.54,20,2,10,4,yes,upi,east,2.0,moved,Yes
11831,2024-03-14,Basic,month-to-month,23.02,31 months,0,3,1,yes,upi,north,5.0,,No
12082,2024-08-11, premium ,one year,71.76,26 months,1,14,1,yes,upi,west,1.0,service,Yes
10539,2025-01-08,Standard,month-to-month,44.20,21,0,5,4,no,cash,south,1.0,,Yes
11069,2021-09-26, premium ,two year,$71.31,61,3,2,4,yes,cash,east,2.0,,No
12203,2026-01-03,Basic,month-to-month,20.17,9,2,9,4,yes,card,west,5.0,price,Yes
11729,2026-04-03,Basic,one year,$20.76,6 months,3,3,4,yes,upi,south,4.0,competitor,Yes
12906,2025-04-08,standard,month-to-month,45.89,18,2,24,5,yes,card,north,1.0,other,Yes
11339,2026-07-02, premium ,one year,$71.44,3 months,3,36,1,yes,netbanking,west,4.0,,Yes
12056,2023-02-18,basic,month-to-month,$16.29,44 months,2,21,2,yes,netbanking,north,4.0,,No
12009,2020-10-31,standard,two year,$38.30,72 months,3,11,3,no,card,north,5.0,,No
12739,2025-10-05,Standard,month-to-month,$44.57,12,2,1,5,no,cash,south,2.0,,Yes
12644,2021-09-26,Standard,month-to-month,42.72,61 months,1,40,1,yes,card,east,3.0,price,Yes
10764,2020-10-31, basic ,month-to-month,$17.34,72,1,13,4,no,card,east,3.0,,No
11109,2025-05-08,basic,two year,$22.73,17 months,2,3,2,yes,upi,north,5.0,,No
11247,2026-08-01,basic,one year,$21.20,2,0,20,5,yes,netbanking,north,2.0,,No
11767,2025-05-08, standard ,one year,43.32,17,1,7,1,yes,cash,west,1.0,,No
10202,2026-05-03,Basic,month-to-month,$23.11,5 months,0,10,5,yes,card,south,,,Yes
10872,2024-05-13,BASIC,one year,$18.92,29 months,1,10,4,yes,card,north,5.0,,No
12394,2023-03-20,Standard,month-to-month,$36.43,43,1,6,1,no,netbanking,east,5.0,,No
12526,2023-11-15, basic ,month-to-month,$16.55,35,3,2,5,yes,upi,north,2.0,moved,Yes
11596,2025-12-04,premium,two year,$68.90,10 months,0,2,4,yes,cash,north,,,No
11222,2026-01-03,standard,month-to-month,$33.40,9 months,0,2,4,yes,card,west,2.0,competitor,Yes
10976,2024-06-12,basic,two year,16.85,28,2,11,2,no,cash,west,3.0,service,Yes
10889,2026-05-03,basic,two year,$19.33,5,0,3,5,yes,upi,south,2.0,,No
10952,2026-02-02,Standard,month-to-month,$36.74,8 months,1,16,1,no,netbanking,east,5.0,moved,Yes
12178,2024-06-12,basic,two year,$19.93,28 months,1,16,4,no,netbanking,south,1.0,,No
11153,2025-04-08,BASIC,month-to-month,$22.46,18,1,21,1,yes,card,south,4.0,,No
12936,2024-04-13, basic ,month-to-month,$16.67,30 months,1,1,1,no,netbanking,south,4.0,,No
11999,2026-01-03,STANDARD,month-to-month,$40.53,9,2,6,4,yes,upi,west,5.0,price,Yes
10633,2024-04-13,standard,two year,$41.00,30 months,1,5,3,yes,cash,west,1.0,,No
12679,2024-05-13,BASIC,month-to-month,$18.60,29,1,11,3,yes,cash,west,,,Yes
12262,2025-07-07,standard,month-to-month,$39.98,15 months,2,15,2,yes,card,east,,moved,Yes
11752,2025-06-07, standard ,month-to-month,$42.78,16 months,0,4,5,yes,card,west,3.0,,No
10886,2025-07-07,Basic,month-to-month,$17.44,15,0,4,2,yes,upi,north,3.0,other,Yes
11099,2025-11-04,basic,month-to-month,$18.84,11,2,3,4,yes,card,south,3.0,,No
12075,2024-10-10, standard ,month-to-month,$44.85,24,1,7,3,no,card,north,,,No
10142,2025-02-07,STANDARD,month-to-month,42.28,20 months,0,1,3,yes,card,east,5.0,,No
11776,2020-10-31, basic ,two year,$20.84,72,2,31,5,no,upi,west,,,No
10816,2025-04-08,Standard,month-to-month,$38.80,18,2,3,5,yes,cash,north,3.0,price,Yes
11091,2026-02-02,BASIC,month-to-month,23.81,8 months,1,3,2,no,cash,east,,competitor,Yes
10082,2021-10-26,STANDARD,one year,$40.14,60 months,0,5,2,yes,card,west,4.0,,No
10156,2026-08-01,BASIC,one year,$20.91,2,0,13,4,yes,netbanking,west,1.0,,No
11041,2024-01-14, basic ,month-to-month,$14.18,33,0,7,4,yes,netbanking,east,1.0,,No
12013,2022-07-23,standard,month-to-month,46.71,51 months,2,3,2,yes,cash,north,5.0,service,Yes
12055,2026-01-03,BASIC,month-to-month,$21.59,9,0,35,1,no,netbanking,south,1.0,moved,Yes
12480,2026-03-04, basic ,month-to-month,$21.27,7,0,12,2,yes,card,east,1.0,price,Yes
12176,2023-10-16,standard,month-to-month,$42.29,36 months,3,0,5,yes,upi,west,1.0,other,Yes
11651,2022-01-24,basic,month-to-month,$25.01,57,1,3,3,no,card,east,5.0,,No
10184,2024-10-10,Basic,one year,$24.03,24 months,1,3,2,yes,netbanking,north,1.0,,No
10611,2023-07-18,premium,one year,$62.58,39,4,2,3,yes,netbanking,south,1.0,competitor,Yes
10618,2024-10-10,Standard,one year,40.39,24 months,3,5,1,no,upi,north,3.0,service,Yes
10881,2023-05-19,Standard,month-to-month,$43.37,41,2,4,3,no,netbanking,east,1.0,price,Yes
12245,2026-04-03,BASIC,month-to-month,$20.46,6 months,2,7,4,no,netbanking,west,5.0,service,Yes
11229,2025-03-09,basic,month-to-month,16.46,19 months,1,24,5,yes,upi,east,2.0,,Yes
12582,2025-07-07,premium,two year,$69.02,15 months,2,2,2,yes,netbanking,north,3.0,,No
10319,2026-03-04,premium,month-to-month,73.80,7 months,5,18,2,no,card,north,5.0,competitor,Yes
11727,2023-04-19,PREMIUM,one year,72.91,42 months,1,10,3,no,cash,east,1.0,,No
10161,2025-09-05,basic,month-to-month,$21.05,13 months,3,1,4,yes,card,north,1.0,price,Yes
12842,2025-02-07,basic,month-to-month,19.47,20,0,10,1,yes,netbanking,south,2.0,,No
10362,2024-06-12, standard ,month-to-month,$39.53,28 months,0,5,2,yes,upi,north,4.0,,No
11076,2024-07-12, basic ,two year,$24.10,27,1,25,2,no,card,west,5.0,moved,Yes
11939,2025-10-05,BASIC,one year,$19.30,12 months,0,9,5,no,netbanking,east,4.0,,No
10095,2026-02-02,STANDARD,one year,45.52,8,2,6,4,yes,card,south,3.0,moved,Yes
12717,2023-09-16,Basic,one year,19.86,37 months,2,10,4,yes,netbanking,north,2.0,competitor,Yes
12959,2025-09-05,Standard,month-to-month,$40.68,13 months,1,3,4,yes,cash,north,2.0,,No
11280,2022-01-24,Basic,two year,22.22,57,2,11,5,no,netbanking,west,3.0,,No
10334,2024-04-13, basic ,month-to-month,$27.86,30,0,7,5,no,upi,north,4.0,,No
12612,2022-08-22, standard ,one year,$38.13,50,3,3,5,no,upi,east,4.0,,No
10459,2025-06-07,standard,month-to-month,48.44,16,1,7,1,yes,upi,south,2.0,price,Yes
12855,2024-09-10, standard ,month-to-month,46.51,25 months,2,5,3,yes,card,east,2.0,,No
12529,2023-03-20,premium,month-to-month,67.55,43 months,1,0,2,yes,upi,east,2.0,,No
12195,2026-01-03,basic,month-to-month,$18.74,9,3,5,2,yes,cash,south,2.0,competitor,Yes
11321,2026-02-02,basic,two year,18.69,8 months,1,14,5,yes,upi,north,3.0,,No
10509,2024-12-09,standard,month-to-month,$42.15,22,1,4,3,no,upi,south,5.0,,No
12354,2023-08-17,standard,two year,41.01,38,1,24,5,no,netbanking,south,4.0,,No
10448,2023-10-16,premium,one year,$74.27,36 months,1,17,3,yes,cash,north,1.0,,No
10447,2020-10-31,Basic,month-to-month,$15.84,72 months,1,1,5,yes,card,west,2.0,,No
10975,2025-02-07,BASIC,month-to-month,$18.63,20 months,3,3,3,no,cash,south,5.0,,No
10779,2022-12-20,premium,month-to-month,72.61,46 months,0,1,2,no,netbanking,north,4.0,,No
11045,2026-04-03, standard ,two year,$37.74,6,2,2,4,no,cash,east,3.0,,No
12574,2026-02-02,Basic,one year,17.51,8 months,1,4,1,yes,cash,north,5.0,,No
10654,2023-05-19,Standard,two year,$40.88,41,1,15,3,no,cash,north,4.0,,No
10347,2025-11-04, standard ,month-to-month,$40.83,11,0,15,4,no,netbanking,west,5.0,,No
10127,2025-04-08,premium,month-to-month,70.26,18 months,1,13,2,yes,card,east,1.0,moved,Yes
12117,2024-02-13,basic,two year,17.22,32 months,0,0,1,no,card,west,2.0,,No
10340,2022-10-21,PREMIUM,month-to-month,68.95,48,2,11,2,yes,netbanking,west,5.0,,No
12317,2025-03-09, basic ,month-to-month,$15.13,19 months,0,6,2,yes,netbanking,north,3.0,,No
11089,2025-09-05,standard,one year,34.25,13 months,2,1,2,yes,netbanking,south,2.0,competitor,Yes
11465,2025-06-07, basic ,month-to-month,$20.30,16 months,2,7,2,no,card,south,4.0,other,Yes
11019,2025-01-08,Standard,two year,$41.58,21 months,1,22,4,yes,card,west,1.0,,No
11470,2024-02-13, basic ,two year,$17.87,32 months,0,4,4,yes,netbanking,west,4.0,,No
10974,2022-02-23, basic ,month-to-month,$15.65,56 months,0,13,3,yes,netbanking,west,5.0,,No
11039,2023-06-18, basic ,month-to-month,$19.54,40,1,14,5,yes,cash,north,1.0,,No
12763,2026-03-04,STANDARD,month-to-month,$42.10,7 months,2,8,4,no,card,west,5.0,service,Yes
12496,2023-08-17,PREMIUM,one year,$71.65,38,2,0,2,no,upi,south,2.0,,No
11989,2023-11-15,STANDARD,month-to-month,$37.90,35 months,1,13,5,no,cash,north,2.0,moved,Yes
10551,2024-06-12, basic ,two year,$16.05,28 months,4,0,1,yes,upi,east,1.0,,No
11052,2025-04-08, basic ,month-to-month,$18.56,18,5,4,4,yes,netbanking,south,1.0,price,Yes
10375,2025-09-05, standard ,two year,$40.31,13 months,1,6,2,no,upi,west,5.0,,No
11783,2025-10-05,basic,two year,$20.59,12,0,14,5,yes,upi,west,2.0,,No
10484,2025-09-05,basic,month-to-month,20.03,13,2,2,4,yes,card,north,1.0,,Yes
10888,2024-02-13,Premium,month-to-month,66.04,32,0,3,4,yes,netbanking,north,3.0,,No
10401,2024-08-11,Standard,month-to-month,$43.28,26,2,1,4,yes,upi,south,3.0,price,Yes
10263,2025-02-07,basic,one year,17.11,20,1,1,2,yes,cash,west,,,No
12080,2026-03-04,Premium,month-to-month,$71.45,7,2,20,1,yes,netbanking,west,,other,Yes
12650,2024-06-12,basic,month-to-month,15.76,28 months,2,3,5,yes,netbanking,south,1.0,,No
10992,2022-02-23,Premium,one year,$67.02,56,1,1,4,yes,card,west,3.0,,No
11820,2024-08-11,Basic,two year,$17.53,26,2,11,5,yes,upi,south,1.0,moved,Yes
10821,2025-04-08,Basic,month-to-month,$20.90,18 months,1,2,5,yes,cash,west,2.0,,No
10472,2025-11-04,STANDARD,month-to-month,$38.65,11 months,2,10,5,no,netbanking,west,1.0,,Yes
12415,2025-06-07, standard ,month-to-month,$38.24,16,1,11,1,yes,upi,north,,,No
10944,2025-06-07,STANDARD,month-to-month,$37.50,16 months,0,2,2,yes,upi,south,,,No
10451,2021-11-25,basic,month-to-month,$20.20,59,1,1,3,no,card,south,4.0,,No
11687,2023-04-19,STANDARD,month-to-month,$41.62,42,0,9,2,yes,cash,east,2.0,,No
12475,2024-09-10, basic ,month-to-month,$21.42,25 months,0,9,4,no,upi,east,1.0,,Yes
12224,2023-01-19, standard ,two year,$41.40,45,2,17,3,no,upi,north,4.0,,No
12385,2025-06-07,premium,month-to-month,$71.72,16 months,1,4,3,yes,card,north,5.0,,No
11947,2025-09-05, premium ,month-to-month,$72.46,13,1,5,1,yes,card,north,4.0,,No
11312,2026-02-02, premium ,month-to-month,71.11,8 months,0,10,5,no,cash,east,,competitor,Yes
11531,2021-10-26,Basic,month-to-month,$20.37,60,2,1,1,yes,netbanking,north,4.0,,No
11439,2025-06-07,Standard,month-to-month,40.41,16 months,2,4,2,no,netbanking,south,2.0,,No
10394,2023-07-18,STANDARD,month-to-month,$33.79,39 months,4,3,5,yes,cash,south,1.0,service,Yes
12898,2024-09-10,Basic,two year,$21.14,25 months,1,0,1,no,netbanking,east,2.0,,No
12918,2024-10-10,BASIC,one year,21.52,24 months,1,7,4,no,upi,south,1.0,,No
12003,2026-04-03, standard ,two year,48.71,6,2,4,4,yes,card,east,5.0,,No
10676,2024-09-10,standard,two year,$44.67,25,2,27,2,no,cash,west,5.0,,No
10824,2023-08-17,PREMIUM,month-to-month,$71.08,38 months,1,1,4,no,card,south,,price,Yes
10127,2025-04-08,premium,month-to-month,70.26,18 months,1,13,2,yes,card,east,1.0,moved,Yes
11513,2026-02-02,basic,one year,$26.24,8 months,1,30,4,yes,cash,east,1.0,,Yes
12065,2025-12-04,Standard,month-to-month,$38.25,10 months,1,47,4,no,upi,north,2.0,,Yes
11508,2024-01-14,Standard,month-to-month,42.12,33 months,0,4,3,yes,netbanking,south,4.0,,Yes
11747,2023-11-15,premium,month-to-month,$76.56,35 months,4,14,4,yes,card,south,2.0,other,Yes
10302,2024-02-13,Basic,two year,$22.77,32,2,4,5,yes,card,south,4.0,,No
11151,2025-03-09,PREMIUM,two year,$68.22,19,0,13,5,yes,cash,north,1.0,other,Yes
12497,2022-11-20, basic ,one year,$21.61,47,2,12,1,yes,cash,south,3.0,,No
12971,2025-08-06,Standard,two year,$42.52,14,3,7,2,yes,netbanking,south,2.0,,Yes
12310,2024-01-14,Basic,one year,$22.20,33 months,0,1,2,yes,netbanking,south,1.0,,No
11844,2024-11-09,BASIC,one year,$20.92,23,1,13,5,yes,upi,east,1.0,moved,Yes
10480,2026-04-03,BASIC,two year,23.64,6,0,5,4,no,card,east,4.0,,No
12052,2025-05-08,Standard,two year,$37.96,17,1,4,5,yes,cash,east,1.0,,No
10561,2024-06-12,BASIC,month-to-month,$18.57,28,2,5,2,yes,upi,west,2.0,other,Yes
12272,2023-10-16,STANDARD,month-to-month,$32.65,36 months,1,10,1,no,upi,south,2.0,,Yes
11807,2025-09-05,Standard,one year,$40.89,13 months,1,11,1,yes,cash,west,,moved,Yes
12297,2025-06-07,Basic,month-to-month,$20.84,16 months,2,3,4,yes,cash,north,1.0,other,Yes
10773,2025-11-04,STANDARD,one year,$37.76,11 months,0,7,4,no,netbanking,north,3.0,,No
11785,2024-10-10, premium ,month-to-month,$69.84,24 months,2,53,2,yes,upi,south,5.0,,No
11925,2025-09-05,standard,month-to-month,42.76,13 months,1,3,1,no,card,south,2.0,service,Yes
11343,2025-10-05,Standard,one year,$41.70,12,2,2,5,no,cash,west,3.0,,No
12134,2025-10-05, premium ,two year,$68.54,12 months,1,2,4,yes,card,north,4.0,,No
12993,2023-04-19,STANDARD,month-to-month,39.93,42,0,8,5,no,card,south,,,No
10842,2024-05-13,standard,month-to-month,$45.36,29,2,6,4,yes,card,north,1.0,moved,Yes
12939,2024-01-14,basic,two year,$20.93,33,1,9,3,no,card,south,3.0,,No
12719,2024-10-10,BASIC,one year,18.90,24,0,1,2,no,upi,north,1.0,,Yes
11297,2021-04-29,standard,month-to-month,$40.91,66 months,1,1,4,no,cash,south,5.0,service,Yes
11210,2020-11-30, basic ,one year,24.03,71,2,9,5,yes,cash,east,5.0,,No
12296,2024-01-14,Standard,one year,$39.01,33 months,2,42,5,yes,card,west,2.0,,No
12766,2024-01-14, basic ,month-to-month,$19.75,33,1,6,1,yes,netbanking,east,2.0,,No
12523,2025-10-05,STANDARD,two year,$37.52,12 months,1,6,4,no,upi,east,3.0,,No
12445,2024-08-11, basic ,month-to-month,20.32,26 months,0,10,1,yes,card,south,4.0,,No
10718,2025-04-08,Basic,two year,$19.45,18 months,1,2,4,yes,card,north,1.0,,No
10041,2024-07-12,premium,one year,$67.63,27 months,2,6,3,yes,card,east,5.0,,No
12914,2025-04-08,basic,two year,$16.96,18,5,12,2,no,upi,east,4.0,,No
12186,2023-11-15,BASIC,month-to-month,$17.32,35 months,0,3,3,yes,upi,west,3.0,,No
10012,2026-05-03,Standard,one year,$40.78,5,1,5,5,yes,cash,east,5.0,,No
10663,2026-02-02,premium,month-to-month,$71.53,8,1,0,2,no,upi,north,3.0,moved,Yes
12670,2025-01-08, basic ,one year,$18.43,21 months,3,1,1,no,card,east,5.0,,No
11015,2025-05-08,Basic,month-to-month,$17.84,17,0,3,1,yes,card,north,5.0,,No
12010,2024-12-09,PREMIUM,two year,$72.89,22 months,2,2,3,yes,cash,west,2.0,price,Yes
10584,2025-11-04,standard,month-to-month,$42.12,11 months,0,6,5,no,card,west,,other,Yes
11702,2024-09-10,premium,two year,$69.28,25 months,0,9,4,no,card,west,,,No
12011,2025-12-04,premium,month-to-month,$75.28,10 months,0,26,5,yes,card,north,2.0,,Yes
12285,2026-02-02,Basic,one year,21.41,8,2,14,2,no,card,east,5.0,,No
12225,2024-06-12,Standard,month-to-month,$38.34,28 months,0,4,5,yes,netbanking,east,2.0,price,Yes
12720,2025-06-07,BASIC,one year,$19.14,16 months,2,12,4,yes,cash,west,1.0,moved,Yes
10359,2025-12-04,standard,month-to-month,$38.86,10 months,1,4,1,yes,netbanking,south,,service,Yes
12694,2025-01-08,Standard,month-to-month,$34.04,21 months,1,20,2,no,card,east,2.0,,Yes
11920,2025-07-07,basic,month-to-month,19.66,15,2,1,2,yes,upi,south,4.0,,No
10853,2025-12-04,basic,two year,15.05,10,0,11,5,yes,card,north,2.0,,No
10105,2024-12-09,basic,two year,$17.48,22 months,1,14,3,yes,upi,north,2.0,,No
10235,2023-08-17,Basic,month-to-month,$17.45,38 months,0,11,4,yes,upi,east,1.0,,No
10695,2026-01-03,Standard,one year,37.29,9 months,3,1,1,no,card,west,2.0,,No
10194,2023-10-16, premium ,two year,$69.15,36,0,6,3,yes,cash,south,4.0,,No
11561,2025-02-07,Basic,month-to-month,24.65,20,1,2,5,yes,cash,east,4.0,,No
10617,2024-04-13,PREMIUM,one year,69.51,30,0,13,1,yes,upi,west,4.0,,No
11929,2025-12-04,PREMIUM,one year,69.90,10 months,1,5,2,no,cash,east,3.0,,No
11049,2024-06-12,STANDARD,month-to-month,$45.25,28 months,0,3,4,yes,upi,east,3.0,,No
11056,2025-06-07,standard,month-to-month,$39.70,16,0,30,3,no,netbanking,south,4.0,,Yes
11966,2024-09-10,BASIC,one year,18.34,25 months,1,9,3,yes,netbanking,east,5.0,,No
11157,2024-03-14,PREMIUM,two year,$70.57,31 months,0,11,1,yes,cash,north,5.0,,No
10514,2023-08-17,STANDARD,one year,$36.74,38 months,1,35,4,yes,upi,north,1.0,service,Yes
11595,2024-07-12, standard ,one year,$42.07,27,2,1,5,yes,upi,east,3.0,,No
10634,2026-05-03, premium ,month-to-month,$70.71,5,0,22,5,yes,netbanking,east,2.0,competitor,Yes
10385,2024-08-11,premium,one year,$67.59,26 months,1,3,2,no,cash,west,5.0,,No
11543,2022-11-20,BASIC,one year,$19.87,47,3,0,4,yes,upi,north,3.0,,No
12396,2021-09-26, standard ,two year,$38.50,61,1,25,4,no,cash,east,5.0,,No
10850,2025-10-05,premium,month-to-month,71.69,12,1,8,1,no,cash,south,5.0,moved,Yes
12350,2026-01-03,basic,month-to-month,17.53,9 months,3,5,2,no,netbanking,north,5.0,competitor,Yes
10714,2024-06-12,STANDARD,month-to-month,$42.98,28,0,17,2,yes,cash,south,2.0,,No
11542,2024-02-13, standard ,two year,$44.91,32,1,2,1,yes,upi,south,2.0,,No
12752,2026-04-03,basic,one year,$17.95,6,1,3,3,no,upi,east,2.0,price,Yes
12339,2024-11-09,Standard,month-to-month,$40.73,23,0,8,3,no,netbanking,east,,price,Yes
11583,2023-11-15,Standard,month-to-month,$44.77,35 months,1,3,5,no,card,west,2.0,,No
10090,2024-07-12, standard ,one year,41.91,27,2,22,2,no,upi,east,1.0,price,Yes
12366,2024-10-10,BASIC,one year,23.62,24,1,10,4,yes,netbanking,west,1.0,moved,Yes
11183,2026-01-03, basic ,one year,20.49,9,2,10,2,yes,cash,north,3.0,,No
12973,2024-02-13,Standard,one year,$43.71,32,3,28,3,yes,upi,south,3.0,service,Yes
10308,2024-12-09,basic,month-to-month,$22.20,22 months,0,18,3,yes,cash,west,3.0,,No
11311,2026-02-02,PREMIUM,month-to-month,$67.60,8 months,3,22,2,yes,card,west,4.0,other,Yes
11372,2025-02-07,PREMIUM,one year,$73.17,20,0,5,2,yes,netbanking,west,4.0,,No
11757,2025-08-06,PREMIUM,one year,$75.95,14,3,6,5,yes,cash,west,5.0,price,Yes
11171,2026-08-31,Basic,month-to-month,$16.58,1,0,7,1,no,upi,north,5.0,,No
11363,2024-03-14,basic,month-to-month,$20.06,31,0,10,1,no,netbanking,north,2.0,,No
10743,2026-05-03, premium ,month-to-month,$71.64,5 months,3,27,3,no,netbanking,south,1.0,other,Yes
11590,2025-10-05,basic,month-to-month,$17.00,12,0,7,5,no,cash,south,2.0,moved,Yes
10922,2026-08-31,basic,month-to-month,$18.19,1,0,14,5,no,card,west,1.0,,Yes
10211,2024-11-09,premium,month-to-month,$71.87,23 months,1,5,5,no,cash,south,4.0,moved,Yes
12674,2026-04-03,Premium,month-to-month,69.67,6,3,1,5,no,upi,south,,service,Yes
10384,2023-12-15, standard ,month-to-month,45.24,34,3,8,5,yes,cash,west,3.0,,No
10691,2023-10-16, basic ,month-to-month,$22.99,36 months,0,2,3,no,netbanking,west,,competitor,Yes
10709,2023-08-17,BASIC,month-to-month,21.77,38,5,3,1,yes,card,north,4.0,service,Yes
10403,2023-05-19,basic,two year,15.36,41,0,28,5,yes,card,east,5.0,,No
10702,2025-09-05,Basic,month-to-month,$16.19,13,1,9,5,no,cash,west,5.0,,No
11710,2026-01-03,STANDARD,month-to-month,$43.69,9,0,11,3,no,netbanking,south,4.0,,No
10999,2024-07-12,Premium,month-to-month,$71.32,27 months,2,4,4,yes,upi,west,1.0,other,Yes
12111,2025-10-05,BASIC,two year,$22.72,12 months,1,4,2,yes,card,west,1.0,,No
10544,2023-09-16,Standard,month-to-month,43.53,37 months,5,4,5,no,cash,east,1.0,price,Yes
11208,2025-03-09,basic,month-to-month,$25.85,19 months,0,2,3,no,cash,west,5.0,,No
10404,2026-05-03,basic,month-to-month,$20.56,5 months,3,2,3,yes,card,west,2.0,price,Yes
12701,2024-06-12,Standard,two year,$45.27,28 months,2,11,2,yes,upi,south,3.0,,No
11083,2025-09-05,STANDARD,two year,$41.03,13 months,2,2,4,yes,upi,north,5.0,,No
12251,2025-01-08,Basic,month-to-month,$17.48,21 months,2,14,2,no,cash,west,5.0,,No
12624,2024-10-10,basic,month-to-month,22.68,24 months,2,6,1,yes,upi,north,2.0,,Yes
10442,2025-03-09,BASIC,month-to-month,19.30,19,3,22,1,yes,cash,north,1.0,moved,Yes
11524,2022-09-21,basic,two year,$13.02,49 months,0,1,3,yes,netbanking,south,2.0,,No
12690,2025-07-07,STANDARD,one year,$38.04,15,0,2,1,yes,upi,west,4.0,moved,Yes
12222,2024-06-12,premium,month-to-month,$71.81,28,1,13,2,yes,card,south,,moved,Yes
12336,2026-01-03, premium ,two year,$74.03,9,1,1,2,no,netbanking,east,4.0,,No
11984,2024-05-13, standard ,month-to-month,$44.94,29 months,0,10,5,yes,cash,east,5.0,service,Yes
11533,2025-09-05,STANDARD,month-to-month,$39.75,13,1,0,3,yes,cash,north,4.0,,No
10559,2025-05-08,Standard,month-to-month,$42.38,17 months,1,12,2,yes,cash,south,1.0,service,Yes
10861,2025-04-08,Basic,month-to-month,$18.34,18 months,0,2,4,yes,cash,south,2.0,competitor,Yes
11134,2025-05-08,Standard,month-to-month,$45.76,17 months,0,8,3,yes,cash,south,4.0,,No
11502,2023-06-18,PREMIUM,month-to-month,$62.28,40 months,0,35,1,yes,upi,east,,,No
12860,2026-03-04,BASIC,one year,$19.44,7 months,1,5,1,yes,upi,south,4.0,,No
12810,2025-09-05,basic,month-to-month,$20.45,13 months,2,4,5,yes,upi,north,1.0,,No
10087,2026-02-02,standard,month-to-month,$37.92,8,0,25,2,no,card,south,1.0,other,Yes
10546,2025-05-08, basic ,two year,$18.58,17 months,3,2,5,yes,cash,north,1.0,,No
11597,2025-03-09,BASIC,one year,$19.07,19,0,3,4,yes,upi,east,4.0,,No
10463,2025-01-08,standard,month-to-month,$40.60,21,0,0,5,no,netbanking,west,3.0,service,Yes
11949,2024-12-09, premium ,month-to-month,75.33,22 months,1,16,2,yes,card,north,,,Yes
10815,2024-03-14,Basic,two year,$19.45,31,1,8,1,yes,netbanking,north,2.0,,No
10854,2025-08-06,basic,month-to-month,$16.34,14,2,6,4,yes,upi,west,4.0,service,Yes
12023,2023-07-18,premium,two year,$73.31,39 months,3,11,2,no,netbanking,east,5.0,,No
12184,2024-02-13,STANDARD,two year,$39.90,32,2,15,1,yes,cash,west,4.0,,No
11665,2024-12-09,PREMIUM,one year,$71.72,22,3,29,3,yes,netbanking,north,5.0,,No
11006,2024-09-10, basic ,month-to-month,15.84,25,0,2,5,yes,cash,south,2.0,,No
10234,2023-02-18,standard,month-to-month,$43.45,44,0,2,3,no,netbanking,east,1.0,,Yes
10395,2026-03-04, basic ,month-to-month,$14.76,7,1,1,1,no,netbanking,east,5.0,other,Yes
11603,2026-08-31,BASIC,two year,$18.89,1 months,1,4,3,no,upi,west,3.0,,No
10189,2023-08-17,STANDARD,month-to-month,$41.17,38 months,1,8,1,yes,cash,east,4.0,,No
12096,2021-09-26,Standard,one year,$40.48,61 months,0,15,1,yes,upi,east,5.0,,No
10614,2024-02-13,basic,one year,$18.53,32 months,2,6,1,yes,upi,north,2.0,,No
10437,2021-10-26,BASIC,month-to-month,$25.29,60 months,1,13,5,yes,cash,north,5.0,,No
10164,2024-06-12,basic,month-to-month,19.25,28,1,3,3,yes,cash,north,1.0,other,Yes
11829,2025-07-07,Basic,two year,20.55,15 months,2,2,1,yes,upi,east,,,No
11219,2025-01-08, standard ,one year,41.95,21,0,3,3,yes,cash,east,4.0,,No
11200,2025-11-04, basic ,two year,$24.43,11 months,0,2,4,yes,card,south,1.0,,No
10820,2024-01-14,PREMIUM,month-to-month,$67.11,33 months,2,4,3,no,card,north,4.0,service,Yes
11547,2022-12-20,BASIC,two year,$21.44,46 months,1,3,3,yes,card,east,1.0,,No
10515,2026-05-03, premium ,one year,$72.73,5,0,9,5,no,cash,west,5.0,,No
10776,2024-01-14,Basic,month-to-month,18.06,33 months,0,8,2,no,cash,south,3.0,,No
11469,2024-01-14,standard,month-to-month,32.56,33,0,11,1,yes,upi,west,3.0,,No
12133,2025-01-08,Basic,one year,$21.95,21 months,1,0,1,no,netbanking,north,4.0,,No
12014,2024-06-12,basic,two year,20.22,28 months,1,16,4,no,cash,south,3.0,competitor,Yes
10487,2026-02-02,STANDARD,month-to-month,$39.44,8 months,0,7,1,yes,upi,west,2.0,,No
12658,2025-12-04,basic,one year,20.14,10,2,15,4,no,card,east,3.0,,No
10793,2024-12-09,standard,month-to-month,34.78,22,2,3,1,yes,netbanking,north,3.0,service,Yes
12905,2026-01-03,standard,month-to-month,$37.26,9 months,1,26,4,yes,card,east,,other,Yes
10583,2026-03-04,Premium,month-to-month,$75.22,7 months,0,7,1,yes,cash,east,4.0,price,Yes
10578,2024-04-13,Standard,two year,38.15,30,3,8,3,yes,netbanking,west,4.0,,No
11412,2025-03-09,basic,month-to-month,$18.80,19 months,0,5,4,yes,netbanking,east,5.0,,No
10748,2025-07-07,PREMIUM,one year,$67.92,15,1,3,4,no,cash,south,5.0,,Yes
12038,2023-05-19,basic,month-to-month,19.11,41,1,1,1,yes,cash,north,1.0,,No
12232,2026-03-04,standard,one year,$48.38,7,3,15,1,no,card,west,5.0,,No
12047,2025-10-05,Basic,two year,18.48,12,2,3,2,yes,card,east,5.0,,No
10566,2025-07-07,STANDARD,two year,$38.84,15,1,4,3,yes,cash,east,2.0,competitor,Yes
12509,2026-04-03,basic,month-to-month,$21.16,6 months,1,22,2,yes,upi,west,4.0,,No
11885,2025-03-09,BASIC,month-to-month,17.57,19,4,29,4,no,upi,west,5.0,,No
11850,2025-08-06,premium,month-to-month,$69.97,14,1,7,3,yes,cash,north,5.0,,No
10580,2025-11-04,standard,month-to-month,$37.16,11,0,7,5,yes,netbanking,west,,,No
12941,2025-07-07,BASIC,month-to-month,$20.23,15 months,2,12,5,yes,card,west,3.0,price,Yes
11290,2025-05-08,standard,month-to-month,$38.65,17 months,1,7,2,yes,upi,south,4.0,,Yes
11593,2025-04-08,Basic,two year,22.54,18 months,1,6,1,yes,card,north,4.0,,No
10803,2024-12-09,Premium,two year,75.51,22 months,0,1,1,yes,cash,north,5.0,,No
10259,2024-04-13, basic ,two year,17.79,30,0,1,4,yes,card,east,3.0,,No
10458,2025-05-08,PREMIUM,one year,$69.86,17 months,4,18,4,yes,cash,south,5.0,moved,Yes
10725,2023-11-15,STANDARD,month-to-month,40.68,35 months,0,31,4,yes,netbanking,east,5.0,,No
10116,2026-08-01,STANDARD,two year,$39.04,2 months,0,27,4,yes,upi,east,,,Yes
11971,2025-06-07, premium ,month-to-month,$71.83,16 months,2,2,5,yes,cash,south,4.0,other,Yes
11104,2025-01-08,PREMIUM,month-to-month,$68.68,21 months,1,12,3,no,card,south,3.0,,No
12970,2026-03-04,premium,month-to-month,$69.77,7 months,0,1,2,no,upi,east,5.0,,No
11889,2026-05-03,standard,two year,$39.52,5,0,0,2,yes,card,north,1.0,,No
11298,2025-12-04,Basic,month-to-month,$24.14,10,1,26,4,yes,netbanking,west,4.0,other,Yes
12375,2025-04-08,BASIC,month-to-month,$17.41,18 months,0,14,1,no,netbanking,north,5.0,,No
10547,2026-07-02,Standard,month-to-month,$46.64,3 months,1,26,1,yes,upi,west,5.0,price,Yes
11801,2026-01-03,Basic,one year,$22.30,9,1,2,4,yes,upi,north,4.0,,No
12252,2026-04-03,Standard,month-to-month,$41.85,6,0,6,4,yes,card,north,3.0,service,Yes
10418,2024-04-13,BASIC,two year,$18.25,30 months,2,48,3,no,card,east,4.0,,No
10047,2025-05-08,standard,two year,46.59,17,0,4,1,no,card,north,2.0,,No
10310,2025-06-07,STANDARD,one year,$43.22,16,0,8,5,no,upi,west,,price,Yes
10878,2025-12-04,Standard,two year,36.26,10,0,43,2,yes,netbanking,south,3.0,,No
10721,2024-12-09,standard,two year,$40.04,22,3,1,5,no,cash,east,2.0,,No
12362,2021-01-29,Basic,month-to-month,14.88,69,2,7,3,no,upi,east,3.0,,No
11525,2025-09-05,STANDARD,month-to-month,38.60,13,0,27,3,no,upi,west,,,No
12477,2024-11-09,STANDARD,month-to-month,$41.05,23 months,2,11,2,yes,netbanking,west,3.0,,No
11728,2024-10-10,basic,two year,$29.28,24,0,4,5,yes,card,south,4.0,,No
10947,2023-12-15,premium,month-to-month,72.56,34 months,1,9,1,no,cash,west,4.0,competitor,Yes
11855,2023-05-19, basic ,one year,19.64,41 months,0,5,4,yes,upi,east,5.0,,No
12946,2025-08-06,STANDARD,two year,34.21,14 months,0,1,5,yes,cash,south,4.0,,No
11879,2025-08-06,Basic,month-to-month,22.26,14 months,1,2,1,no,upi,south,1.0,competitor,Yes
10150,2024-08-11,PREMIUM,one year,$72.24,26,2,11,3,yes,cash,north,4.0,,No
11213,2026-05-03, basic ,month-to-month,$26.47,5 months,1,3,2,yes,cash,north,2.0,other,Yes
10408,2024-06-12,Basic,two year,$20.36,28,2,10,3,no,card,south,4.0,,No
12901,2026-08-01,basic,month-to-month,$23.97,2,0,26,1,yes,netbanking,north,2.0,other,Yes
11748,2026-08-01, standard ,two year,42.92,2,2,3,5,yes,upi,north,,,No
11340,2025-09-05,standard,month-to-month,$39.93,13,1,6,4,yes,card,south,2.0,moved,Yes
12748,2022-06-23,Basic,month-to-month,$12.58,52,1,8,3,no,card,west,1.0,,No
12639,2024-01-14,basic,one year,25.55,33,0,41,1,no,cash,south,3.0,,No
10806,2026-02-02,STANDARD,month-to-month,$36.47,8,1,5,4,no,card,west,3.0,,No
11454,2025-07-07,BASIC,one year,$17.29,15,1,7,3,no,card,north,3.0,,Yes
10846,2025-07-07,Premium,month-to-month,$71.95,15,2,2,4,no,upi,north,5.0,other,Yes
10625,2025-12-04,BASIC,two year,$19.38,10 months,0,3,2,yes,upi,south,,,No
12957,2025-10-05,STANDARD,month-to-month,$40.23,12,1,9,3,yes,cash,north,1.0,other,Yes
11930,2026-06-02,Basic,month-to-month,$20.65,4,2,9,2,no,card,east,,service,Yes
12169,2024-04-13,BASIC,month-to-month,$18.95,30,1,4,3,yes,netbanking,north,3.0,,No
10193,2025-04-08,Basic,one year,19.03,18 months,1,5,2,yes,cash,south,1.0,,No
10331,2025-08-06,basic,one year,14.62,14,1,4,5,yes,netbanking,east,3.0,,No
10122,2025-06-07,Basic,month-to-month,11.05,16,2,21,4,yes,upi,east,2.0,moved,Yes
12900,2026-01-03,premium,month-to-month,$66.58,9 months,0,12,2,yes,cash,south,1.0,competitor,Yes
11384,2020-12-30,BASIC,month-to-month,$14.81,70 months,1,22,4,yes,cash,east,5.0,,No
10312,2026-02-02,STANDARD,month-to-month,37.15,8,2,3,4,no,upi,north,1.0,price,Yes
11082,2025-07-07,Basic,one year,$21.69,15 months,0,7,1,yes,cash,north,4.0,,No
11942,2024-02-13, standard ,month-to-month,38.25,32,0,1,2,yes,upi,south,3.0,,No
11043,2025-05-08, standard ,one year,$35.65,17,1,13,1,yes,card,south,4.0,,No
10741,2024-12-09, standard ,month-to-month,$40.39,22,0,23,5,yes,netbanking,west,1.0,competitor,Yes
11763,2023-10-16,standard,month-to-month,$39.07,36 months,2,5,4,yes,netbanking,west,,,No
10883,2025-02-07, basic ,one year,$23.53,20,0,8,2,yes,card,north,2.0,,No
12420,2026-02-02,basic,one year,$23.49,8 months,0,2,3,no,upi,east,5.0,,No
12681,2025-02-07,STANDARD,two year,$40.06,20,1,23,3,yes,netbanking,west,4.0,,No
11404,2025-07-07,STANDARD,month-to-month,37.93,15 months,0,6,2,no,card,south,,,No
12637,2026-03-04,Standard,month-to-month,$35.69,7 months,2,3,2,yes,netbanking,south,2.0,,Yes
11992,2022-05-24,premium,month-to-month,64.14,53 months,1,6,3,yes,card,north,5.0,,Yes
12122,2024-02-13, basic ,month-to-month,$15.45,32 months,1,18,3,yes,cash,east,4.0,,No
10018,2026-02-02, premium ,month-to-month,$72.14,8 months,4,3,2,yes,card,east,3.0,,No
10354,2023-03-20, standard ,month-to-month,$36.85,43 months,2,3,5,yes,upi,west,5.0,,No
10258,2026-04-03,STANDARD,two year,37.69,6,0,0,1,yes,card,east,5.0,,No
11263,2024-04-13, basic ,two year,$18.31,30,2,12,2,no,upi,south,4.0,price,Yes
10863,2022-12-20,STANDARD,month-to-month,$38.99,46,1,23,2,no,card,east,5.0,,No
12498,2025-08-06,standard,two year,$34.63,14 months,1,8,3,yes,cash,north,1.0,,No
11934,2025-11-04,BASIC,one year,$18.96,11,2,19,3,no,upi,west,1.0,,No
11529,2024-10-10,standard,one year,$41.89,24 months,0,1,4,no,cash,south,2.0,,Yes
10060,2025-09-05,basic,month-to-month,$18.63,13 months,2,1,1,no,netbanking,south,3.0,competitor,Yes
11612,2025-11-04, standard ,month-to-month,41.03,11 months,2,2,5,yes,upi,east,1.0,price,Yes
12046,2025-10-05,Basic,month-to-month,22.64,12 months,1,14,3,yes,card,north,4.0,,No
12241,2025-10-05, basic ,month-to-month,14.57,12,3,14,5,yes,upi,south,3.0,moved,Yes
11095,2025-02-07,Basic,two year,19.96,20,1,21,5,yes,upi,south,3.0,,No
10519,2026-08-01, basic ,month-to-month,$22.37,2,0,23,5,yes,card,west,3.0,,Yes
10422,2024-05-13,PREMIUM,month-to-month,68.81,29,1,2,4,no,upi,east,5.0,service,Yes
11570,2025-03-09,STANDARD,month-to-month,$33.84,19 months,3,2,5,yes,upi,east,1.0,moved,Yes
10860,2026-05-03,basic,month-to-month,$13.90,5,1,1,3,yes,netbanking,south,3.0,,No
10013,2026-04-03,Basic,month-to-month,$19.51,6 months,3,38,4,no,card,west,3.0,,Yes
12353,2025-11-04,BASIC,month-to-month,$20.85,11 months,3,13,1,no,card,east,3.0,,Yes
10372,2025-09-05, standard ,month-to-month,41.71,13 months,0,4,5,no,upi,west,1.0,competitor,Yes
10389,2026-05-03, basic ,month-to-month,$16.61,5 months,1,1,5,no,card,west,,,No
12500,2023-09-16,Standard,month-to-month,41.99,37 months,2,0,1,yes,upi,north,5.0,competitor,Yes
10420,2024-03-14,Basic,month-to-month,$16.73,31,0,14,1,no,cash,west,1.0,,No
11494,2021-12-25, basic ,month-to-month,$18.94,58,1,4,5,yes,card,east,5.0,,No
11712,2024-09-10,PREMIUM,two year,72.35,25,2,1,5,yes,netbanking,east,1.0,moved,Yes
11847,2022-07-23,basic,two year,$17.80,51 months,0,13,2,yes,upi,north,2.0,,No
11099,2025-11-04,basic,month-to-month,$18.84,11,2,3,4,yes,card,south,3.0,,No
11567,2024-11-09,premium,month-to-month,$67.26,23 months,1,23,5,no,netbanking,west,4.0,service,Yes
12149,2023-02-18,premium,month-to-month,70.34,44,0,6,3,no,upi,south,,moved,Yes
11732,2025-01-08, basic ,month-to-month,$20.12,21,1,24,5,yes,cash,west,4.0,other,Yes
10938,2024-09-10,Premium,month-to-month,67.12,25,1,2,1,yes,cash,north,2.0,price,Yes
10494,2025-05-08,PREMIUM,month-to-month,$74.05,17,1,14,3,no,upi,west,5.0,,No
12864,2025-09-05,standard,month-to-month,$42.33,13 months,1,12,3,yes,netbanking,east,2.0,,Yes
12875,2025-11-04, basic ,one year,$14.89,11,2,5,2,yes,netbanking,west,2.0,,No
10638,2023-08-17,BASIC,month-to-month,$18.28,38,1,6,3,no,upi,west,2.0,,No
10428,2024-04-13,Basic,one year,20.89,30 months,3,2,1,no,netbanking,east,1.0,other,Yes
12506,2026-03-04,premium,month-to-month,$70.47,7,3,21,1,no,cash,north,3.0,moved,Yes
11308,2025-05-08,Standard,month-to-month,$41.58,17,1,6,2,yes,upi,east,2.0,competitor,Yes
12856,2026-01-03,standard,two year,$43.14,9,0,41,3,yes,netbanking,west,5.0,,No
10305,2024-04-13,Premium,one year,$72.91,30 months,0,2,4,yes,cash,south,3.0,,No
12458,2025-12-04,Standard,two year,$36.15,10 months,2,13,3,no,card,south,1.0,price,Yes
10909,2024-05-13,Basic,month-to-month,$14.66,29 months,0,4,3,no,netbanking,north,5.0,,No
10409,2021-02-28,Basic,month-to-month,$21.43,68 months,0,8,5,yes,upi,south,2.0,competitor,Yes
10716,2023-07-18,Standard,month-to-month,37.35,39,3,6,1,yes,cash,north,1.0,,No
10981,2026-08-01,STANDARD,one year,$36.79,2 months,1,1,4,no,card,east,,price,Yes
11442,2024-10-10, standard ,two year,$44.38,24,0,1,4,yes,card,east,5.0,,No
10920,2025-10-05,premium,one year,$66.02,12 months,0,6,1,yes,cash,south,5.0,,No
11307,2023-05-19,standard,one year,$38.03,41 months,1,31,1,no,upi,east,1.0,other,Yes
10088,2024-12-09,STANDARD,one year,$37.98,22 months,2,1,4,yes,upi,south,5.0,,No
12563,2025-01-08,basic,month-to-month,$23.71,21 months,1,10,3,yes,netbanking,west,4.0,,No
11649,2025-09-05,standard,one year,40.38,13,3,1,5,yes,netbanking,south,,,No
10513,2026-02-02,Basic,month-to-month,$15.27,8 months,2,33,1,yes,upi,east,1.0,moved,Yes
10110,2020-10-31, standard ,two year,40.30,72 months,1,7,1,no,upi,east,3.0,,No
10680,2024-09-10,BASIC,two year,$21.77,25 months,1,11,1,no,card,west,5.0,,No
11873,2026-05-03,PREMIUM,month-to-month,$71.51,5 months,0,25,1,yes,card,west,4.0,service,Yes
11725,2025-05-08,STANDARD,month-to-month,42.20,17 months,0,6,2,yes,card,east,3.0,,No
12613,2025-09-05,STANDARD,two year,$36.99,13 months,0,3,2,no,card,south,5.0,service,Yes
12146,2025-10-05,premium,one year,$63.64,12 months,0,9,2,yes,cash,west,3.0,,No
11827,2024-08-11,BASIC,month-to-month,$18.07,26 months,1,31,1,no,card,north,3.0,,Yes
10398,2020-10-31,Standard,month-to-month,$39.04,72,1,0,2,yes,upi,north,4.0,,No
11274,2026-07-02, standard ,month-to-month,$33.08,3 months,0,14,5,no,upi,east,2.0,moved,Yes
10029,2025-08-06, basic ,month-to-month,$18.38,14,1,12,1,yes,cash,west,2.0,other,Yes
12611,2024-10-10,premium,month-to-month,66.78,24,1,43,3,yes,cash,west,2.0,,No
11993,2025-10-05,basic,one year,$25.52,12 months,0,2,3,yes,netbanking,north,5.0,,No
10662,2023-05-19,STANDARD,two year,43.15,41 months,1,9,2,yes,upi,south,2.0,,No
11185,2023-12-15,basic,month-to-month,$18.78,34 months,1,26,3,yes,card,west,4.0,moved,Yes
12220,2025-07-07,STANDARD,month-to-month,36.34,15,1,2,4,no,netbanking,east,2.0,,No
10797,2023-07-18,Standard,one year,46.04,39,0,34,3,yes,upi,north,2.0,,No
12166,2024-02-13,basic,two year,$20.72,32 months,2,19,1,no,upi,north,5.0,,No
12915,2023-07-18, basic ,month-to-month,$15.82,39 months,1,15,1,no,netbanking,east,4.0,moved,Yes
11695,2025-07-07,basic,month-to-month,22.71,15,1,0,2,yes,card,east,,service,Yes
10738,2025-01-08,Premium,one year,69.87,21 months,1,22,1,yes,netbanking,north,4.0,,No
12673,2024-06-12, basic ,month-to-month,$21.28,28 months,2,1,3,yes,card,east,1.0,moved,Yes
12872,2025-02-07,standard,month-to-month,$41.54,20,0,1,2,no,cash,north,5.0,,No
11782,2024-01-14,Standard,two year,$42.02,33 months,0,8,5,no,upi,south,3.0,,No
11462,2023-12-15,standard,month-to-month,$42.22,34 months,1,35,2,no,cash,south,3.0,,Yes
12138,2025-11-04,PREMIUM,one year,75.63,11 months,2,10,2,yes,cash,south,5.0,price,Yes
11453,2025-02-07,Standard,one year,$34.27,20 months,0,7,3,yes,card,west,5.0,,No
12784,2024-04-13,PREMIUM,one year,73.42,30 months,2,5,4,yes,netbanking,west,,,No
11976,2023-12-15,PREMIUM,month-to-month,$68.80,34,3,7,5,yes,cash,north,5.0,,No
11857,2025-03-09,standard,month-to-month,38.82,19 months,0,9,2,yes,card,west,4.0,,No
10679,2021-12-25, basic ,two year,$18.22,58 months,1,15,2,yes,upi,south,2.0,,No
11960,2025-03-09, basic ,two year,$22.29,19 months,0,5,5,yes,upi,east,5.0,,No
11558,2020-12-30,Standard,month-to-month,$34.75,70,0,6,1,no,cash,west,3.0,,No
10822,2024-03-14,BASIC,month-to-month,$16.13,31,1,13,4,no,netbanking,north,2.0,,No
12325,2026-03-04,premium,month-to-month,$68.96,7 months,1,10,4,yes,card,north,1.0,competitor,Yes
10042,2026-02-02,Premium,two year,$71.27,8 months,1,10,3,no,upi,west,3.0,,No
12684,2026-01-03,standard,month-to-month,$39.12,9 months,0,1,4,no,upi,north,2.0,service,Yes
10213,2025-07-07,standard,month-to-month,36.14,15 months,1,7,3,yes,cash,west,3.0,,No
10772,2023-12-15, basic ,two year,15.54,34,2,9,2,yes,card,south,,,No
10323,2025-02-07,standard,two year,37.91,20 months,0,22,5,no,upi,east,1.0,,Yes
12595,2023-12-15,Basic,month-to-month,$21.97,34 months,1,5,2,yes,card,north,4.0,,Yes
12974,2025-02-07,standard,month-to-month,44.52,20 months,0,5,2,yes,cash,west,4.0,,No
10931,2025-02-07,STANDARD,month-to-month,$35.79,20 months,3,8,5,yes,netbanking,south,3.0,,No
10979,2022-09-21, standard ,month-to-month,$37.35,49 months,0,35,5,no,upi,west,3.0,,No
10303,2024-06-12,Basic,two year,$23.95,28,1,4,3,no,card,west,1.0,,No
12820,2022-11-20,standard,month-to-month,$38.27,47,5,15,4,yes,cash,east,5.0,,No
12748,2022-06-23,Basic,month-to-month,$12.58,52,1,8,3,no,card,west,1.0,,No
11870,2022-11-20,premium,month-to-month,66.63,47,0,2,3,no,netbanking,west,4.0,,No
11260,2026-04-03,BASIC,month-to-month,17.05,6,2,15,4,yes,cash,south,1.0,moved,Yes
10092,2025-02-07,PREMIUM,one year,$70.71,20 months,2,4,5,yes,card,west,1.0,,Yes
11044,2025-03-09,BASIC,two year,16.19,19 months,2,5,1,no,netbanking,north,4.0,competitor,Yes
11365,2024-09-10,PREMIUM,month-to-month,$70.51,25 months,2,4,2,no,netbanking,north,2.0,,No
11207,2025-10-05,STANDARD,month-to-month,$40.14,12 months,3,7,5,no,card,east,3.0,service,Yes
11622,2024-01-14,standard,month-to-month,$33.43,33 months,2,14,1,yes,netbanking,east,3.0,moved,Yes
10022,2026-04-03,Standard,month-to-month,37.77,6,0,6,3,yes,upi,east,1.0,competitor,Yes
12926,2025-12-04, basic ,month-to-month,17.85,10 months,1,29,1,no,cash,east,5.0,price,Yes
10949,2024-03-14,standard,month-to-month,$37.04,31 months,0,56,5,yes,netbanking,east,1.0,service,Yes
11106,2023-07-18, standard ,two year,$34.12,39 months,0,37,4,no,card,west,2.0,,Yes
12150,2025-04-08,BASIC,two year,$22.38,18,2,2,3,yes,card,west,2.0,,No
12456,2023-06-18,Standard,month-to-month,$42.86,40,2,5,2,yes,netbanking,west,2.0,,No
10423,2022-02-23, standard ,one year,35.67,56,2,3,5,yes,card,north,2.0,,No
12575,2024-05-13,PREMIUM,month-to-month,71.43,29,0,1,2,yes,netbanking,north,,,No
10175,2026-03-04, basic ,two year,$22.90,7 months,1,7,5,no,upi,south,3.0,moved,Yes
11287,2026-08-31, basic ,month-to-month,$21.39,1 months,0,13,5,no,card,west,4.0,,Yes
10208,2025-10-05,basic,month-to-month,$21.51,12,0,8,2,yes,netbanking,north,,moved,Yes
10499,2026-06-02,STANDARD,month-to-month,$43.73,4,1,26,2,no,cash,west,2.0,,No
11936,2023-05-19,BASIC,one year,$18.59,41 months,6,11,3,yes,card,east,,,No
10071,2025-07-07,Standard,month-to-month,$38.72,15,0,18,3,yes,netbanking,north,2.0,competitor,Yes
12886,2024-02-13,STANDARD,month-to-month,$41.28,32 months,0,24,3,no,upi,west,4.0,,No
10635,2026-01-03,Standard,one year,45.55,9,2,1,3,no,card,west,5.0,,No
12301,2026-03-04,BASIC,month-to-month,$24.45,7 months,2,6,2,yes,upi,west,3.0,other,Yes
12889,2025-12-04,Standard,month-to-month,39.83,10 months,0,3,5,no,upi,south,2.0,,No
12817,2023-10-16,Basic,month-to-month,$22.27,36 months,2,2,2,no,netbanking,east,3.0,,No
10021,2025-12-04,STANDARD,month-to-month,44.00,10,0,1,3,yes,card,east,2.0,price,Yes
11685,2020-11-30, basic ,two year,$19.95,71,0,4,5,no,netbanking,south,3.0,,No
10925,2023-12-15,Basic,month-to-month,20.36,34,1,5,3,yes,cash,north,2.0,,No
11038,2025-11-04, basic ,month-to-month,23.77,11 months,3,6,4,no,netbanking,east,2.0,competitor,Yes
10613,2022-11-20, standard ,month-to-month,$39.21,47 months,2,35,2,no,card,south,2.0,service,Yes
11310,2025-07-07,basic,month-to-month,$23.11,15 months,3,4,3,yes,cash,east,3.0,competitor,Yes
11356,2023-08-17, standard ,two year,$37.15,38,3,8,5,no,card,west,4.0,,No
10045,2023-12-15,premium,month-to-month,73.11,34,1,19,1,yes,card,south,,,No
11973,2023-08-17,Standard,month-to-month,$38.89,38 months,1,12,5,no,netbanking,south,3.0,,No
12935,2024-12-09,STANDARD,month-to-month,$41.56,22 months,3,13,4,yes,cash,south,1.0,price,Yes
12284,2023-07-18,standard,month-to-month,43.28,39 months,3,13,5,no,card,south,4.0,,No
12132,2025-07-07,standard,month-to-month,$47.33,15 months,0,4,1,yes,upi,north,1.0,,No
12969,2023-08-17,standard,month-to-month,$43.73,38,2,3,2,yes,netbanking,south,4.0,,No
10129,2022-01-24, basic ,month-to-month,19.46,57 months,2,15,2,yes,card,east,2.0,,No
12560,2022-01-24,PREMIUM,two year,$68.04,57,0,3,3,no,upi,east,4.0,,No
11427,2024-06-12, standard ,month-to-month,$41.32,28 months,1,9,3,no,card,east,3.0,,No
11621,2024-07-12,PREMIUM,two year,$72.69,27,3,7,3,no,netbanking,north,2.0,,No
10239,2023-09-16, standard ,one year,45.19,37,1,6,1,yes,upi,south,4.0,,No
12231,2026-05-03,Standard,month-to-month,$40.36,5,1,10,5,yes,card,north,4.0,moved,Yes
12641,2026-07-02,Basic,month-to-month,20.67,3,0,1,1,yes,netbanking,west,4.0,,No
11604,2024-01-14,Standard,one year,$41.32,33,2,27,5,no,cash,south,5.0,,No
11967,2026-08-01, basic ,one year,$18.24,2,1,2,1,no,cash,south,3.0,,No
11743,2026-04-03,BASIC,month-to-month,18.32,6 months,0,13,2,yes,upi,east,2.0,,Yes
11097,2025-08-06, basic ,two year,$16.81,14,1,6,5,yes,cash,east,3.0,,No
10665,2025-08-06, basic ,one year,$24.15,14 months,1,22,1,no,cash,south,5.0,,No
10454,2026-04-03,Standard,one year,39.28,6,1,19,1,yes,netbanking,north,5.0,,No
12006,2025-12-04,STANDARD,two year,$45.27,10 months,0,6,2,no,cash,south,4.0,,No
12360,2024-03-14,Standard,two year,$33.54,31,0,5,5,yes,netbanking,west,2.0,,No
10687,2026-02-02,Basic,month-to-month,25.56,8,1,7,4,yes,card,south,2.0,other,Yes
11020,2025-05-08,basic,month-to-month,$15.67,17,3,14,3,yes,cash,east,4.0,,No
11003,2026-07-02,standard,month-to-month,$38.55,3 months,1,38,2,yes,netbanking,west,1.0,competitor,Yes
11846,2024-09-10,PREMIUM,month-to-month,$69.70,25,2,13,2,yes,cash,east,1.0,competitor,Yes
11516,2025-11-04,basic,two year,17.75,11,0,10,5,yes,netbanking,south,3.0,other,Yes
10520,2026-01-03,Basic,two year,18.49,9,2,36,4,no,card,west,2.0,,Yes
12830,2026-07-02,premium,month-to-month,$71.13,3 months,1,7,5,no,cash,west,2.0,other,Yes
10178,2025-01-08,basic,month-to-month,$21.84,21 months,0,3,1,no,netbanking,north,3.0,service,Yes
11918,2025-04-08,premium,month-to-month,$73.66,18,2,10,5,yes,netbanking,north,2.0,,No
11250,2024-05-13, premium ,one year,70.54,29,2,1,1,yes,card,west,1.0,service,Yes
10204,2026-05-03, basic ,two year,$17.36,5,2,2,3,no,card,east,,,No
12042,2025-11-04,BASIC,one year,$24.04,11 months,1,0,5,no,cash,south,1.0,competitor,Yes
11337,2023-06-18,Standard,month-to-month,40.86,40 months,1,3,5,no,cash,west,3.0,,No
11366,2026-05-03,basic,month-to-month,17.04,5 months,3,2,5,yes,cash,west,5.0,moved,Yes
12028,2024-07-12, standard ,month-to-month,$37.35,27 months,1,1,4,no,upi,east,2.0,service,Yes
11130,2025-06-07,STANDARD,month-to-month,$41.22,16 months,3,3,2,yes,card,south,4.0,competitor,Yes
11713,2026-02-02,Standard,month-to-month,$40.75,8 months,0,15,5,yes,upi,south,4.0,,No
10290,2024-03-14,Basic,month-to-month,19.10,31 months,4,8,2,yes,netbanking,east,1.0,competitor,Yes
10048,2026-08-31,Standard,two year,$42.06,1,1,13,4,yes,cash,east,4.0,other,Yes
10160,2024-11-09,Standard,one year,$42.30,23,0,33,1,yes,card,west,5.0,,No
11521,2026-06-02,Basic,two year,$19.92,4,3,4,4,yes,netbanking,east,5.0,,No
12768,2025-05-08,STANDARD,one year,40.21,17 months,1,9,5,no,cash,east,1.0,price,Yes
12685,2020-10-31,STANDARD,two year,$44.91,72 months,0,22,2,no,card,east,2.0,,No
12819,2025-09-05, premium ,one year,66.31,13 months,2,8,2,no,netbanking,south,5.0,,No
10933,2025-02-07, premium ,month-to-month,$68.83,20,0,5,1,no,cash,south,1.0,,No
11196,2025-12-04,Standard,month-to-month,$35.73,10,1,6,3,yes,upi,south,5.0,,No
11018,2024-09-10,Basic,month-to-month,$18.42,25,1,3,5,yes,cash,north,4.0,,Yes
11924,2022-03-25,standard,two year,$35.04,55 months,0,14,4,no,card,south,5.0,,No
10068,2022-09-21, premium ,month-to-month,69.13,49,1,2,1,no,netbanking,south,4.0,,No
11387,2022-03-25,BASIC,month-to-month,$20.70,55,2,8,2,yes,upi,south,4.0,moved,Yes
11133,2026-01-03,BASIC,month-to-month,$24.72,9,0,25,5,no,upi,east,3.0,service,Yes
12727,2025-05-08, basic ,two year,$18.20,17 months,3,5,2,yes,cash,south,,,No
11998,2024-04-13, standard ,two year,$38.44,30 months,0,8,2,yes,netbanking,south,3.0,,No
11059,2025-05-08,standard,month-to-month,$42.56,17 months,0,5,5,yes,netbanking,east,5.0,,No
12106,2024-10-10,STANDARD,month-to-month,37.80,24 months,0,2,3,yes,cash,south,4.0,,No
11598,2022-12-20,Standard,one year,$41.84,46 months,1,10,5,yes,cash,north,5.0,,No
11415,2024-10-10, standard ,one year,$44.92,24,1,5,2,yes,card,east,3.0,,No
12390,2024-06-12, premium ,one year,67.76,28 months,0,14,5,yes,cash,west,2.0,,No
12903,2023-12-15,Standard,month-to-month,$38.33,34,0,8,2,yes,cash,east,3.0,,No
12494,2023-08-17, basic ,one year,19.01,38 months,2,4,5,yes,upi,south,5.0,,No
10406,2023-10-16, basic ,month-to-month,20.47,36 months,1,4,2,yes,netbanking,north,5.0,,No
11304,2023-04-19,premium,month-to-month,71.42,42 months,2,5,2,yes,netbanking,north,4.0,moved,Yes
10286,2025-11-04,Basic,month-to-month,$23.50,11 months,0,11,3,yes,cash,east,,,No
10707,2025-04-08,Standard,month-to-month,$42.27,18,4,21,2,no,cash,north,4.0,,No
10946,2025-08-06,BASIC,month-to-month,16.90,14,2,3,1,no,card,south,2.0,moved,Yes
12947,2021-07-28,BASIC,month-to-month,15.07,63,1,35,4,no,cash,north,5.0,,No
11697,2025-03-09,Basic,two year,$17.34,19 months,2,7,5,yes,card,north,5.0,,No
11040,2025-03-09,Standard,two year,$36.31,19 months,1,15,3,no,card,north,3.0,other,Yes
11184,2023-10-16,Standard,month-to-month,39.94,36 months,1,16,5,no,card,east,2.0,other,Yes
12349,2024-02-13, premium ,month-to-month,$72.31,32 months,1,14,2,no,card,west,5.0,service,Yes
12775,2025-10-05,Standard,two year,$40.32,12,1,2,1,no,cash,south,1.0,moved,Yes
11154,2023-08-17, standard ,month-to-month,$38.98,38,0,20,1,no,cash,north,1.0,moved,Yes
12449,2026-08-01,PREMIUM,one year,$65.91,2 months,0,4,4,yes,card,east,2.0,,No
12288,2025-12-04,PREMIUM,month-to-month,$72.50,10 months,1,12,2,no,card,north,5.0,other,Yes
12801,2023-06-18, standard ,month-to-month,$41.77,40 months,0,4,3,yes,upi,east,5.0,,No
10667,2024-10-10,PREMIUM,two year,$73.27,24 months,0,5,5,no,netbanking,east,,,No
10252,2025-04-08,Basic,two year,11.82,18 months,0,10,3,yes,cash,west,3.0,,No
12181,2025-04-08,standard,month-to-month,45.14,18 months,1,16,3,no,cash,west,2.0,competitor,Yes
11546,2024-01-14,standard,month-to-month,37.74,33,1,0,1,yes,card,east,2.0,,No
12907,2024-07-12,STANDARD,one year,$38.21,27 months,3,5,4,yes,card,west,3.0,,No
10700,2024-10-10,STANDARD,one year,$41.12,24 months,3,10,3,no,netbanking,east,4.0,,No
11285,2025-08-06,BASIC,month-to-month,$20.96,14,0,24,3,no,netbanking,west,3.0,moved,Yes
11693,2024-10-10,PREMIUM,month-to-month,$76.02,24,0,15,5,yes,card,south,4.0,,No
10604,2026-01-03, basic ,month-to-month,20.28,9,1,8,3,yes,cash,south,,,Yes
10986,2025-02-07,Basic,one year,$22.02,20 months,3,3,5,no,upi,south,2.0,moved,Yes
12790,2025-02-07,BASIC,month-to-month,$21.81,20 months,1,9,1,yes,cash,east,4.0,,No
10906,2024-08-11,Standard,month-to-month,$39.67,26 months,1,2,2,no,card,west,1.0,moved,Yes
11669,2025-08-06,PREMIUM,month-to-month,$71.77,14 months,2,15,3,no,upi,north,2.0,competitor,Yes
11986,2024-03-14,STANDARD,month-to-month,$43.77,31 months,1,5,5,no,cash,north,5.0,,No
12986,2023-09-16,STANDARD,month-to-month,$42.79,37 months,2,10,3,yes,cash,east,3.0,,Yes
10526,2025-11-04,premium,month-to-month,72.02,11 months,1,2,2,yes,upi,south,5.0,moved,Yes
11194,2025-08-06, standard ,one year,$45.07,14,1,6,4,yes,netbanking,south,3.0,,No
12258,2025-06-07,STANDARD,two year,$42.04,16 months,1,17,5,yes,card,north,4.0,,No
12712,2022-11-20,Standard,two year,35.84,47 months,1,5,5,yes,cash,east,4.0,,No
10545,2023-08-17, standard ,month-to-month,$39.41,38,1,15,2,yes,cash,west,1.0,,Yes
11914,2025-04-08,standard,month-to-month,$42.85,18 months,1,4,1,yes,cash,east,3.0,,No
12996,2024-09-10,BASIC,month-to-month,$15.14,25,0,3,3,yes,cash,west,5.0,,No
12924,2024-10-10,premium,month-to-month,$65.52,24,4,15,2,no,cash,west,,price,Yes
11834,2025-05-08,PREMIUM,one year,$67.39,17,1,11,5,no,upi,south,3.0,competitor,Yes
12307,2025-11-04,PREMIUM,month-to-month,$71.46,11,0,7,3,no,cash,south,2.0,,Yes
11908,2026-04-03,basic,month-to-month,$21.70,6 months,0,1,4,yes,netbanking,south,1.0,,No
12677,2025-12-04,basic,two year,$13.67,10,1,5,1,yes,netbanking,south,5.0,,No
12217,2024-10-10, standard ,two year,$39.21,24,1,7,4,yes,netbanking,north,1.0,,No
11653,2026-04-03,basic,two year,$21.16,6,2,2,3,no,card,south,3.0,,No
10706,2025-08-06,premium,one year,$72.13,14 months,3,8,1,no,upi,east,1.0,competitor,Yes
11225,2024-03-14,basic,month-to-month,$21.93,31 months,0,18,2,yes,card,west,1.0,,No
10673,2025-03-09, basic ,one year,$19.24,19 months,0,14,5,yes,netbanking,west,1.0,,No
11683,2026-08-01,Basic,one year,$19.18,2 months,2,2,1,yes,cash,south,1.0,,Yes
12532,2024-10-10, standard ,month-to-month,$40.71,24 months,0,43,1,no,netbanking,north,2.0,,Yes
11861,2025-04-08,standard,month-to-month,$37.21,18,0,11,4,yes,upi,east,2.0,price,Yes
11826,2025-09-05,standard,month-to-month,$40.96,13 months,1,1,3,no,upi,east,2.0,,No
10868,2025-02-07,Premium,month-to-month,72.62,20,2,1,5,no,upi,north,5.0,moved,Yes
12344,2024-04-13,basic,month-to-month,$23.36,30,0,19,2,yes,cash,north,4.0,,No
10848,2026-04-03,basic,two year,$21.91,6,2,6,4,yes,card,north,2.0,moved,Yes
11092,2024-12-09,BASIC,month-to-month,21.28,22,1,9,3,yes,netbanking,south,4.0,,No
11353,2025-08-06, standard ,two year,$39.91,14 months,2,17,4,no,netbanking,south,3.0,,Yes
11444,2024-12-09,STANDARD,two year,$42.93,22 months,0,2,2,no,upi,east,1.0,,No
12200,2025-12-04,standard,month-to-month,$35.94,10,1,6,3,no,card,south,3.0,,No
10139,2026-03-04, premium ,month-to-month,$70.36,7 months,1,39,5,no,netbanking,east,2.0,moved,Yes
10326,2026-01-03,BASIC,month-to-month,23.88,9 months,2,4,1,yes,card,north,,,Yes
10554,2025-09-05, basic ,month-to-month,$21.36,13 months,1,12,4,yes,netbanking,west,3.0,price,Yes
12467,2022-12-20, premium ,month-to-month,66.17,46 months,2,2,5,no,netbanking,south,4.0,,No
12213,2024-10-10,BASIC,month-to-month,$19.37,24 months,1,10,5,no,card,south,4.0,,No
12558,2021-08-27,PREMIUM,two year,$67.19,62,2,7,3,no,cash,west,4.0,,No
11279,2025-10-05,BASIC,month-to-month,27.44,12 months,3,2,3,yes,cash,north,,price,Yes
10253,2024-08-11,Standard,month-to-month,39.70,26 months,3,23,2,no,cash,north,5.0,service,Yes
11434,2020-11-30,basic,two year,18.00,71,0,6,4,no,cash,north,,,No
11972,2026-01-03,basic,month-to-month,21.88,9,2,12,5,yes,netbanking,south,3.0,,Yes
11539,2023-10-16,STANDARD,two year,$35.91,36,2,43,2,no,cash,south,4.0,competitor,Yes
11000,2022-12-20,Premium,one year,72.16,46,1,2,3,no,upi,west,4.0,service,Yes
11418,2025-04-08, basic ,two year,$12.15,18 months,3,12,1,yes,card,north,1.0,,No
12663,2024-10-10,Basic,month-to-month,$23.26,24,3,3,1,yes,cash,west,1.0,,No
11164,2026-06-02,basic,two year,19.54,4,1,1,1,yes,card,south,4.0,,No
10728,2026-02-02, basic ,two year,$22.72,8 months,1,0,5,yes,upi,south,2.0,,No
12629,2025-10-05,Standard,month-to-month,$38.07,12,2,5,5,no,upi,north,1.0,,No
11574,2025-08-06,basic,two year,$17.29,14,2,2,1,yes,upi,south,,,No
12980,2026-05-03,premium,month-to-month,$68.92,5,2,8,1,no,netbanking,south,4.0,,Yes
12572,2026-01-03,premium,month-to-month,$70.91,9 months,0,1,4,yes,netbanking,north,5.0,,No
11928,2025-07-07,premium,month-to-month,$65.16,15,1,12,3,no,card,west,1.0,,No
10183,2025-11-04,BASIC,month-to-month,$18.73,11 months,1,11,1,yes,netbanking,east,3.0,,No
12852,2025-05-08,Basic,one year,24.68,17,1,6,2,yes,netbanking,east,5.0,,No
11035,2023-02-18, basic ,month-to-month,20.14,44,0,6,5,no,cash,east,3.0,,No
10790,2026-02-02,basic,month-to-month,$22.47,8 months,3,13,4,no,upi,east,1.0,competitor,Yes
10358,2024-08-11,Basic,month-to-month,$18.68,26 months,1,1,2,yes,cash,north,2.0,moved,Yes
10942,2025-09-05,standard,one year,$42.06,13,2,13,3,no,upi,south,5.0,moved,Yes
10173,2025-11-04,standard,month-to-month,$41.34,11 months,0,4,5,yes,card,south,5.0,,No
12754,2025-01-08,Basic,month-to-month,20.71,21 months,1,11,2,no,card,east,1.0,competitor,Yes
10594,2024-01-14, premium ,month-to-month,$71.25,33,2,10,2,yes,upi,south,4.0,other,Yes
10470,2025-06-07,standard,one year,$41.73,16,3,8,1,yes,upi,east,4.0,,No
12841,2026-05-03,BASIC,one year,$21.90,5,0,13,2,yes,cash,north,2.0,price,Yes
12392,2022-08-22,premium,month-to-month,$72.12,50,2,2,1,yes,netbanking,east,2.0,,No
12876,2023-01-19,PREMIUM,two year,$69.30,45,0,6,3,no,card,west,2.0,,No
12465,2024-11-09, standard ,month-to-month,42.02,23,1,30,5,yes,upi,west,2.0,other,Yes
11648,2025-05-08, standard ,one year,$32.00,17,0,2,4,no,netbanking,north,2.0,competitor,Yes
10100,2026-02-02,premium,two year,$69.10,8 months,0,14,1,no,cash,south,1.0,,No
10165,2025-05-08,STANDARD,month-to-month,42.51,17,0,2,4,yes,card,north,3.0,,No
11485,2025-12-04,STANDARD,month-to-month,$39.18,10,0,14,4,no,upi,east,1.0,moved,Yes
12711,2025-09-05, basic ,one year,$23.32,13 months,0,37,3,no,netbanking,west,2.0,competitor,Yes
10251,2025-08-06, standard ,one year,39.83,14,1,8,2,no,netbanking,south,1.0,price,Yes
11085,2025-06-07, basic ,two year,$20.69,16 months,1,35,2,yes,cash,north,4.0,,No
12691,2024-10-10, basic ,one year,$17.41,24 months,0,6,5,no,card,south,5.0,price,Yes
10400,2026-01-03,standard,month-to-month,$40.78,9,1,13,3,no,netbanking,north,3.0,price,Yes
10802,2024-11-09, standard ,month-to-month,39.63,23 months,3,34,2,no,cash,west,4.0,moved,Yes
11969,2025-06-07,Premium,two year,$72.96,16,1,1,4,yes,upi,west,2.0,other,Yes
10637,2021-07-28,standard,month-to-month,35.75,63,0,2,4,yes,upi,north,5.0,,No
12583,2024-11-09,basic,two year,$19.35,23 months,1,9,3,no,cash,north,2.0,,No
10029,2025-08-06, basic ,month-to-month,$18.38,14,1,12,1,yes,cash,west,2.0,other,Yes
10642,2025-07-07,PREMIUM,two year,$69.58,15,1,2,4,no,netbanking,east,4.0,,No
10927,2025-06-07,STANDARD,two year,$41.13,16 months,1,3,3,no,card,north,4.0,,No
10111,2024-12-09,Basic,month-to-month,$22.63,22 months,0,5,4,yes,cash,north,3.0,,No
11061,2024-10-10,PREMIUM,one year,$76.90,24 months,0,19,4,yes,card,north,4.0,,No
10452,2026-02-02,basic,month-to-month,$20.39,8 months,2,6,5,no,card,south,3.0,price,Yes
11957,2023-07-18, standard ,month-to-month,$41.36,39 months,1,1,2,yes,cash,east,2.0,,No
12364,2023-10-16,basic,one year,$18.62,36 months,3,1,1,yes,cash,west,5.0,,No
11932,2024-05-13,BASIC,month-to-month,$23.76,29 months,1,27,4,no,cash,east,4.0,,No
11825,2025-11-04, basic ,month-to-month,18.06,11 months,2,31,4,yes,netbanking,west,4.0,moved,Yes
12614,2024-09-10,Standard,month-to-month,41.75,25 months,0,14,3,no,card,west,3.0,,No
10380,2025-11-04, basic ,month-to-month,19.71,11,1,2,5,yes,cash,west,2.0,moved,Yes
10536,2026-07-02,basic,month-to-month,$23.76,3,1,25,4,no,cash,east,5.0,other,Yes
11762,2026-08-01,PREMIUM,month-to-month,$67.46,2 months,2,0,4,no,cash,north,5.0,,No
11575,2025-08-06,BASIC,one year,$17.51,14 months,0,1,1,yes,card,east,2.0,price,Yes
11841,2023-09-16, standard ,month-to-month,$40.76,37,0,10,4,yes,cash,south,4.0,,No
10352,2026-05-03,Basic,month-to-month,$17.62,5,1,8,3,no,card,east,4.0,competitor,Yes
10294,2023-04-19, standard ,month-to-month,$41.78,42,0,7,5,yes,upi,south,1.0,,No
12421,2022-06-23,premium,one year,$66.84,52 months,0,1,4,yes,upi,west,3.0,,No
11169,2025-11-04,Standard,one year,$38.61,11 months,0,13,5,yes,cash,north,2.0,,No
11116,2025-06-07, premium ,two year,$71.13,16,1,29,1,no,upi,south,5.0,,No
12376,2023-11-15,standard,month-to-month,$37.98,35,0,20,3,yes,upi,north,1.0,competitor,Yes
12072,2026-07-02,Standard,month-to-month,$41.59,3,1,1,2,yes,upi,east,5.0,service,Yes
12322,2026-01-03, basic ,month-to-month,$17.62,9 months,0,13,2,no,netbanking,north,4.0,other,Yes
12488,2026-06-02,Basic,month-to-month,$25.19,4,1,5,1,yes,cash,north,5.0,,No
10091,2024-12-09,BASIC,month-to-month,$16.43,22,1,2,3,yes,netbanking,north,3.0,price,Yes
10960,2025-05-08,Basic,month-to-month,$16.22,17,1,7,1,yes,netbanking,north,,,No
10001,2024-12-09,basic,two year,$24.64,22,0,15,4,yes,card,east,2.0,,No
11646,2022-05-24,Basic,two year,$21.66,53 months,0,20,5,yes,cash,east,1.0,,No
10683,2026-07-02, standard ,month-to-month,$47.11,3,1,0,1,no,upi,north,3.0,price,Yes
10382,2026-04-03,Premium,month-to-month,$75.05,6 months,0,1,5,no,cash,south,3.0,,No
12546,2024-12-09,standard,month-to-month,$36.18,22,0,26,5,yes,cash,east,2.0,service,Yes
12553,2025-03-09,Basic,two year,22.13,19 months,1,8,3,yes,card,south,2.0,,No
11492,2026-08-01, standard ,two year,$36.33,2,0,9,4,yes,upi,north,2.0,,No
12204,2023-04-19,STANDARD,one year,47.23,42 months,2,24,5,yes,upi,north,5.0,,No
11252,2026-06-02,BASIC,month-to-month,$24.53,4,1,11,2,no,upi,east,1.0,,No
10627,2026-01-03,Standard,month-to-month,$39.62,9 months,0,19,2,yes,netbanking,east,2.0,,No
10916,2026-08-01,BASIC,month-to-month,19.30,2,0,25,3,no,cash,south,5.0,,No
10705,2024-07-12,Basic,month-to-month,$16.26,27 months,1,37,5,no,upi,north,2.0,price,Yes
12343,2025-04-08,Standard,one year,$42.57,18,1,2,4,yes,netbanking,north,3.0,,No
10619,2025-08-06,PREMIUM,two year,$73.26,14 months,2,2,1,no,card,east,1.0,competitor,Yes
11645,2025-11-04, standard ,month-to-month,$35.15,11 months,2,5,4,no,card,east,4.0,other,Yes
11510,2023-10-16, standard ,month-to-month,$42.68,36,2,40,1,yes,cash,east,4.0,price,Yes
11422,2026-06-02,STANDARD,one year,$37.30,4,1,16,4,yes,upi,east,1.0,,No
10320,2024-05-13,STANDARD,month-to-month,$42.36,29 months,1,5,4,yes,netbanking,south,5.0,,No
10224,2026-01-03,STANDARD,one year,$44.34,9,3,22,3,yes,card,east,4.0,moved,Yes
10214,2026-07-02,STANDARD,one year,$36.72,3,1,1,1,yes,upi,south,5.0,,No
10573,2024-10-10, standard ,month-to-month,37.66,24 months,2,5,3,no,upi,south,5.0,,No
10078,2023-02-18,premium,month-to-month,$74.05,44 months,1,1,3,yes,upi,east,1.0,,No
12929,2024-09-10, basic ,month-to-month,13.88,25 months,3,3,3,yes,netbanking,south,3.0,,Yes
11413,2025-06-07,Standard,month-to-month,$37.82,16 months,2,6,2,no,card,south,1.0,,No
10440,2025-02-07,STANDARD,month-to-month,$34.79,20 months,1,6,1,yes,cash,south,1.0,,No
12243,2025-06-07,Basic,month-to-month,$20.39,16,0,5,3,yes,upi,west,4.0,,No
10343,2025-07-07,premium,month-to-month,$70.04,15 months,2,18,5,yes,cash,north,5.0,,No
11033,2023-11-15,standard,two year,39.56,35,1,1,1,no,upi,north,5.0,,No
12983,2024-02-13,BASIC,month-to-month,$15.08,32 months,0,25,2,no,cash,north,1.0,,Yes
12949,2026-02-02,BASIC,month-to-month,$22.31,8,1,7,2,no,upi,south,5.0,price,Yes
11859,2025-04-08,Standard,month-to-month,$41.99,18,0,22,5,yes,upi,south,2.0,price,Yes
10491,2025-04-08,Standard,month-to-month,$38.11,18,1,24,4,yes,netbanking,west,4.0,,No
12502,2026-07-02,basic,month-to-month,$17.33,3,1,5,1,yes,netbanking,north,2.0,competitor,Yes
12661,2024-08-11,basic,month-to-month,$20.36,26 months,1,15,3,no,cash,north,3.0,,No
10932,2024-09-10,Basic,two year,$27.92,25 months,2,5,5,yes,netbanking,north,2.0,,No
11921,2026-01-03,standard,one year,45.13,9 months,1,12,2,yes,cash,east,1.0,other,Yes
10686,2024-07-12,Basic,month-to-month,$18.98,27 months,1,0,1,yes,netbanking,south,1.0,,No
12761,2024-04-13,STANDARD,one year,$44.22,30,1,3,3,no,cash,north,2.0,price,Yes
10255,2025-11-04, standard ,month-to-month,$38.19,11,0,1,5,no,card,west,3.0,,No
12311,2025-07-07, premium ,one year,69.14,15 months,0,3,2,no,card,east,3.0,competitor,Yes
12688,2025-06-07,BASIC,one year,$20.10,16,1,23,2,yes,card,west,1.0,price,Yes
11875,2024-01-14,standard,month-to-month,42.35,33,1,1,1,no,cash,north,2.0,,No
12525,2025-09-05, basic ,month-to-month,$23.98,13 months,1,4,4,yes,netbanking,north,2.0,,No
11223,2021-12-25,Basic,month-to-month,$17.69,58 months,2,16,4,yes,upi,west,3.0,,No
10296,2025-08-06,Premium,month-to-month,$62.09,14,2,8,4,yes,upi,west,3.0,,No
10710,2026-02-02, standard ,month-to-month,36.70,8,1,11,4,yes,cash,west,5.0,,No
12060,2025-09-05,standard,two year,$36.08,13,0,0,4,yes,cash,south,3.0,,No
10641,2025-01-08,STANDARD,two year,$32.74,21,2,3,5,yes,upi,west,4.0,,No
11868,2026-01-03,Premium,month-to-month,$64.49,9,3,2,2,yes,netbanking,south,2.0,other,Yes
11334,2025-11-04, premium ,one year,$74.85,11 months,0,1,1,no,card,east,3.0,service,Yes
12242,2022-08-22,basic,two year,$12.08,50 months,2,10,3,yes,card,east,1.0,,No
11737,2026-05-03,BASIC,two year,$18.65,5,1,17,4,yes,card,south,4.0,other,Yes
11839,2025-10-05, basic ,one year,20.66,12 months,2,26,1,yes,upi,east,3.0,competitor,Yes
12008,2020-10-31,BASIC,one year,21.82,72,1,1,1,yes,upi,east,5.0,,No
12798,2024-09-10, standard ,month-to-month,$38.09,25 months,1,8,1,yes,cash,north,1.0,,No
12227,2025-12-04, premium ,two year,$63.20,10,2,8,3,yes,card,south,3.0,,No
12932,2022-05-24,BASIC,month-to-month,20.11,53,0,26,2,yes,card,east,2.0,,No
11352,2023-11-15,standard,one year,38.12,35,1,2,1,yes,cash,east,4.0,other,Yes
11511,2025-07-07, standard ,one year,$41.13,15 months,1,11,3,yes,card,south,4.0,,No
11602,2025-02-07, basic ,month-to-month,19.42,20,0,2,4,no,card,south,3.0,,No
10190,2025-07-07,Standard,one year,$40.78,15,1,0,1,no,netbanking,east,,,No
12454,2025-10-05, standard ,month-to-month,$40.14,12,3,50,4,no,upi,west,5.0,,Yes
11373,2025-04-08,STANDARD,month-to-month,39.30,18 months,0,7,2,yes,cash,south,5.0,,No
11296,2023-11-15,Standard,month-to-month,$41.02,35 months,2,8,5,no,cash,north,2.0,other,Yes
10556,2025-09-05,Standard,one year,$36.83,13 months,0,21,5,no,cash,north,3.0,,No
12747,2025-10-05, standard ,two year,$36.60,12,0,6,2,no,cash,west,4.0,,No
11111,2023-12-15,standard,one year,43.66,34 months,1,16,4,no,cash,north,2.0,,No
11189,2022-02-23,basic,month-to-month,$16.09,56 months,0,4,2,yes,cash,west,2.0,,No
11892,2024-02-13,STANDARD,month-to-month,$34.63,32,0,3,5,yes,netbanking,south,5.0,,No
11121,2021-09-26,basic,one year,$22.36,61 months,1,13,4,yes,upi,south,5.0,,No
10698,2025-01-08,STANDARD,two year,$38.86,21 months,1,5,3,yes,upi,north,5.0,,No
11218,2021-10-26,STANDARD,month-to-month,$38.59,60 months,1,13,5,no,card,north,2.0,,No
11886,2024-01-14,standard,two year,$43.93,33 months,2,1,4,no,cash,south,1.0,,No
10988,2024-05-13,standard,month-to-month,$39.65,29,0,3,4,yes,netbanking,north,3.0,,No
10327,2025-09-05, basic ,month-to-month,$17.31,13,0,11,4,yes,netbanking,south,5.0,competitor,Yes
13000,2025-06-07, basic ,two year,$15.20,16 months,1,19,1,yes,upi,north,2.0,,No
11180,2024-08-11, basic ,one year,$20.84,26,0,1,5,yes,cash,south,5.0,,No
11708,2023-07-18,basic,one year,15.56,39,0,3,1,yes,card,east,2.0,,No
11555,2020-10-31, standard ,one year,$40.58,72,4,14,2,yes,upi,north,4.0,,No
12155,2025-07-07,STANDARD,one year,$39.55,15 months,0,3,2,yes,cash,west,,,No
10668,2023-06-18,Basic,two year,$17.90,40,0,6,2,no,card,south,5.0,,No
10874,2022-04-24,Standard,month-to-month,$36.77,54,2,9,5,yes,cash,south,1.0,moved,Yes
10057,2025-01-08, standard ,two year,$36.32,21,2,15,3,no,card,west,2.0,competitor,Yes
11054,2024-07-12, standard ,month-to-month,$42.25,27 months,0,40,2,yes,netbanking,north,1.0,moved,Yes
11503,2025-12-04, standard ,two year,38.34,10 months,3,2,2,yes,card,south,3.0,,No
12894,2024-03-14, basic ,two year,$18.81,31 months,1,6,2,yes,upi,west,2.0,,No
10017,2024-05-13,basic,one year,14.96,29 months,0,0,4,yes,upi,north,3.0,,Yes
11435,2025-04-08,standard,month-to-month,$44.64,18 months,2,7,1,yes,card,south,1.0,,No
12281,2024-05-13,Premium,month-to-month,$64.76,29,1,4,4,no,netbanking,west,1.0,,No
12124,2024-08-11, basic ,month-to-month,$19.78,26,1,1,3,yes,cash,north,1.0,,No
10135,2022-05-24,STANDARD,one year,$32.88,53 months,1,1,2,yes,cash,south,1.0,,No
10002,2025-08-06,Basic,two year,24.75,14,3,10,1,yes,netbanking,north,3.0,,No
10438,2025-06-07,Premium,two year,$73.71,16 months,0,13,2,no,netbanking,south,5.0,,No
12863,2023-05-19,premium,month-to-month,$67.92,41 months,4,20,5,yes,card,south,4.0,,No
12489,2025-09-05,Basic,month-to-month,23.99,13 months,1,8,5,yes,card,east,4.0,,No
12845,2025-12-04,Premium,month-to-month,71.20,10 months,1,1,5,no,cash,east,3.0,,No
12721,2025-05-08, basic ,month-to-month,$13.27,17 months,4,7,4,yes,card,north,1.0,service,Yes
11346,2026-08-01,Basic,one year,17.94,2 months,1,1,4,no,netbanking,east,2.0,other,Yes
10568,2024-07-12,BASIC,two year,$16.36,27,0,6,3,yes,netbanking,west,3.0,,No
11192,2025-03-09,basic,month-to-month,$18.12,19,2,8,1,no,netbanking,east,1.0,,Yes
12793,2025-07-07,PREMIUM,month-to-month,$69.64,15,0,8,1,no,card,north,,competitor,Yes
11087,2025-04-08,Basic,month-to-month,$16.48,18 months,1,1,4,yes,upi,south,5.0,competitor,Yes
10426,2026-01-03,Premium,month-to-month,$71.30,9 months,0,6,3,no,card,south,1.0,moved,Yes
11114,2024-07-12,basic,two year,24.67,27 months,0,10,2,no,cash,north,3.0,service,Yes
12840,2025-12-04,BASIC,one year,$19.96,10 months,1,2,5,yes,netbanking,east,4.0,moved,Yes
12337,2024-03-14,Standard,one year,$44.94,31,3,11,2,yes,card,south,4.0,,No
11181,2024-08-11,PREMIUM,two year,$68.33,26 months,1,2,1,yes,upi,east,1.0,,No
11466,2025-01-08,Standard,one year,40.15,21 months,2,16,3,yes,card,east,1.0,,Yes
11699,2026-03-04,Basic,two year,18.97,7,1,2,2,no,cash,south,5.0,,No
11536,2024-07-12,PREMIUM,two year,$73.92,27,1,13,3,no,netbanking,south,4.0,,No
11008,2020-10-31,BASIC,month-to-month,$18.51,72 months,0,4,5,yes,cash,north,2.0,,No
12933,2025-10-05, standard ,one year,$40.91,12 months,3,14,1,no,cash,west,5.0,competitor,Yes
11155,2026-03-04, basic ,two year,20.11,7,0,4,1,no,cash,east,3.0,,No
12758,2026-03-04,premium,one year,70.23,7,0,10,2,yes,cash,north,5.0,,No
12916,2023-06-18,STANDARD,month-to-month,36.55,40 months,2,11,2,no,netbanking,north,1.0,moved,Yes
12293,2025-06-07,STANDARD,month-to-month,36.34,16 months,2,7,3,yes,netbanking,east,5.0,,Yes
10871,2026-02-02,BASIC,month-to-month,$18.08,8 months,1,13,3,yes,card,east,5.0,,No
11498,2026-04-03,standard,month-to-month,$38.91,6,2,2,5,yes,upi,west,5.0,,No
11138,2021-07-28, basic ,month-to-month,$20.95,63 months,1,14,5,no,upi,north,4.0,,No
10866,2025-05-08,standard,two year,$44.38,17,4,15,5,no,netbanking,east,2.0,,No
10768,2025-07-07, standard ,month-to-month,$46.92,15 months,3,7,2,no,netbanking,east,1.0,service,Yes
11954,2023-09-16,Basic,month-to-month,$18.95,37,1,13,4,no,netbanking,east,1.0,price,Yes
12777,2026-05-03,STANDARD,one year,$45.13,5 months,2,3,4,no,upi,east,4.0,,Yes
11205,2024-11-09,Basic,month-to-month,$18.55,23 months,0,2,2,yes,cash,south,4.0,,No
10180,2025-09-05,STANDARD,month-to-month,$36.62,13 months,0,36,2,yes,netbanking,east,,competitor,Yes
12871,2023-04-19,BASIC,month-to-month,$23.40,42 months,2,1,5,yes,card,east,5.0,,No
11122,2026-02-02,PREMIUM,one year,$71.14,8,2,9,3,yes,cash,west,3.0,other,Yes
11779,2023-07-18, standard ,month-to-month,34.89,39,2,11,3,yes,netbanking,south,1.0,price,Yes
11962,2024-10-10, basic ,month-to-month,$14.44,24 months,0,2,1,no,upi,north,2.0,,No
12805,2023-09-16, standard ,one year,$46.80,37,0,7,4,yes,card,west,1.0,,No
10864,2023-12-15, standard ,month-to-month,$40.63,34,1,4,1,yes,card,south,1.0,moved,Yes
12804,2026-08-31, basic ,one year,$19.72,1 months,0,6,3,no,card,east,1.0,other,Yes
11617,2024-01-14,Standard,month-to-month,43.08,33,0,6,1,yes,cash,south,3.0,,No
10346,2025-04-08,standard,month-to-month,40.06,18,1,21,1,yes,card,west,3.0,,No
12398,2026-07-02,STANDARD,two year,$37.62,3 months,0,6,2,no,upi,north,2.0,,No
11275,2025-06-07,Basic,month-to-month,$19.41,16 months,1,16,4,yes,upi,north,4.0,,No
11320,2025-09-05,standard,one year,38.62,13 months,1,2,4,yes,netbanking,north,5.0,,No
10051,2023-08-17,Basic,one year,$15.79,38,1,1,2,yes,card,south,1.0,,No
10969,2025-07-07,Basic,one year,$12.84,15 months,1,17,1,yes,netbanking,west,2.0,competitor,Yes
10121,2025-09-05,basic,month-to-month,$19.60,13 months,1,3,5,no,cash,south,4.0,service,Yes
11317,2024-08-11,Standard,two year,$38.68,26 months,2,1,3,yes,cash,west,3.0,,No
12295,2025-08-06,premium,two year,$69.69,14 months,1,9,1,yes,cash,south,1.0,,No
11968,2026-02-02,BASIC,month-to-month,$24.47,8 months,1,4,3,yes,upi,east,4.0,price,Yes
12268,2025-06-07,premium,one year,68.64,16 months,2,6,2,yes,card,west,1.0,competitor,Yes
11393,2025-04-08,premium,one year,68.62,18,1,5,2,no,cash,west,3.0,,No
11217,2025-06-07, basic ,two year,$14.65,16 months,3,3,2,yes,cash,west,4.0,,No
10844,2024-03-14, standard ,month-to-month,$36.00,31 months,0,3,4,yes,netbanking,west,2.0,,Yes
12312,2023-01-19,Standard,one year,41.44,45 months,4,11,4,yes,card,east,5.0,,No
11286,2024-06-12,Standard,one year,38.72,28,1,22,3,yes,upi,east,5.0,,No
11995,2025-03-09,STANDARD,month-to-month,40.56,19 months,0,10,4,yes,netbanking,south,4.0,,No
10479,2025-10-05,Premium,month-to-month,$69.15,12,1,8,2,no,upi,north,4.0,,No
12692,2025-03-09, standard ,month-to-month,$44.39,19,0,15,1,yes,card,south,5.0,,Yes
11571,2024-01-14,BASIC,two year,22.34,33,0,8,3,no,cash,south,2.0,price,Yes
10075,2026-06-02, premium ,month-to-month,$68.49,4,1,1,5,yes,cash,east,3.0,,No
11211,2025-05-08,Basic,month-to-month,$22.93,17,2,2,3,no,netbanking,south,1.0,competitor,Yes
10575,2023-11-15,Premium,month-to-month,$71.81,35,1,6,2,no,cash,west,3.0,,Yes
11457,2023-06-18, standard ,one year,$35.94,40,1,16,3,yes,cash,south,4.0,,No
11804,2023-08-17,premium,two year,$72.26,38 months,0,0,3,no,netbanking,south,4.0,,No
11036,2022-05-24,standard,one year,38.46,53,2,13,3,no,netbanking,north,5.0,,No
11790,2025-08-06, premium ,month-to-month,74.42,14 months,0,22,1,no,upi,east,3.0,other,Yes
11876,2025-10-05, standard ,two year,$42.51,12,0,7,3,no,cash,south,5.0,service,Yes
10964,2026-06-02,basic,month-to-month,$21.45,4,0,25,3,yes,card,north,3.0,price,Yes
10655,2024-07-12,premium,one year,$71.66,27,1,30,2,yes,card,east,3.0,,No
11021,2025-08-06, basic ,one year,$17.55,14 months,2,12,4,no,netbanking,west,2.0,,No
12321,2025-08-06,standard,one year,$36.71,14 months,0,3,1,no,cash,west,,,No
11234,2024-08-11, basic ,two year,$18.40,26,0,35,3,yes,cash,west,3.0,,No
11204,2024-08-11,Standard,month-to-month,$37.34,26 months,6,20,2,no,cash,south,1.0,other,Yes
10902,2025-12-04,Basic,two year,19.39,10 months,3,20,3,yes,netbanking,east,4.0,,No
10441,2026-03-04,STANDARD,one year,$42.36,7,2,15,1,no,upi,west,4.0,competitor,Yes
10984,2022-10-21,standard,one year,$44.84,48 months,2,6,4,yes,upi,south,5.0,,No
11881,2022-09-21,Basic,month-to-month,18.53,49 months,1,13,5,no,upi,north,5.0,service,Yes
10206,2025-04-08,BASIC,one year,$14.13,18 months,0,2,3,yes,netbanking,east,4.0,,No
12105,2025-07-07,standard,one year,$45.07,15,3,53,1,no,netbanking,south,2.0,service,Yes
11409,2025-07-07, basic ,month-to-month,$12.77,15,1,1,5,no,card,east,5.0,,No
10501,2024-08-11, standard ,two year,39.80,26,2,14,3,yes,netbanking,south,3.0,,Yes
12062,2026-05-03,BASIC,one year,$18.94,5 months,2,20,4,yes,netbanking,south,5.0,,No
10532,2025-03-09,basic,month-to-month,$22.35,19,0,0,1,yes,netbanking,south,5.0,,No
10742,2024-12-09,STANDARD,two year,$39.16,22 months,1,1,3,no,cash,south,2.0,,No
12501,2026-06-02,STANDARD,month-to-month,$41.69,4 months,0,5,5,yes,netbanking,east,1.0,,Yes
12707,2025-07-07,basic,two year,21.19,15,2,3,2,no,cash,south,3.0,,No
11335,2021-08-27,STANDARD,month-to-month,$36.90,62,0,23,4,no,upi,west,1.0,,Yes
10590,2023-11-15,standard,month-to-month,$41.24,35 months,1,19,4,no,card,east,4.0,service,Yes
12286,2023-08-17,STANDARD,month-to-month,$40.37,38,2,0,3,yes,netbanking,west,2.0,,No
11905,2024-10-10,Basic,month-to-month,21.52,24,1,8,5,no,upi,south,3.0,competitor,Yes
11451,2022-05-24,standard,month-to-month,$37.16,53,3,8,4,yes,netbanking,north,2.0,,No
11174,2022-05-24,STANDARD,month-to-month,40.87,53,1,5,4,no,cash,north,3.0,,No
10606,2023-02-18, premium ,month-to-month,$68.70,44,0,7,1,no,card,south,5.0,,No
12919,2025-12-04,basic,month-to-month,$20.43,10,3,6,1,no,card,west,,competitor,Yes
10176,2025-01-08,Standard,one year,$37.11,21 months,0,6,3,no,card,north,4.0,,No
11214,2022-09-21, premium ,month-to-month,66.88,49,3,9,2,yes,upi,north,3.0,other,Yes
11784,2020-10-31,BASIC,two year,$17.17,72 months,2,13,5,no,upi,south,4.0,,No
11481,2024-05-13,BASIC,one year,$15.20,29,2,4,4,yes,upi,south,4.0,competitor,Yes
12370,2025-05-08,premium,two year,$67.59,17 months,1,11,1,yes,cash,west,1.0,,No
10413,2026-02-02, premium ,two year,$67.54,8,0,3,4,yes,upi,north,1.0,,No
11391,2025-04-08,STANDARD,month-to-month,$40.92,18,1,1,2,yes,card,north,3.0,,No
11342,2024-09-10,basic,month-to-month,$12.98,25,2,3,2,no,netbanking,south,2.0,price,Yes
12078,2024-07-12, standard ,one year,$33.79,27 months,1,3,2,yes,cash,west,3.0,,No
12967,2024-09-10,premium,month-to-month,73.69,25,2,0,4,yes,netbanking,south,5.0,,No
12201,2025-10-05, standard ,one year,$40.12,12 months,2,8,3,yes,cash,south,2.0,moved,Yes
12893,2023-09-16,basic,two year,$19.69,37,2,4,2,no,upi,east,4.0,service,Yes
12476,2025-09-05,STANDARD,one year,$42.57,13,1,3,5,yes,cash,west,4.0,,No
12799,2025-02-07, premium ,month-to-month,$73.19,20,3,3,2,yes,cash,east,5.0,,No
10349,2026-06-02,Premium,month-to-month,$73.27,4,0,9,5,yes,netbanking,east,4.0,price,Yes
12544,2022-11-20,BASIC,month-to-month,$18.02,47,2,8,1,yes,cash,east,2.0,,No
12851,2025-04-08,Basic,one year,20.46,18 months,1,14,4,no,cash,north,2.0,,No
10884,2023-07-18,BASIC,month-to-month,21.94,39,3,10,4,yes,cash,south,1.0,price,Yes
12879,2022-10-21,Standard,month-to-month,39.81,48,1,44,4,no,cash,west,5.0,service,Yes
12928,2024-06-12, standard ,one year,$37.76,28 months,1,2,3,yes,netbanking,east,1.0,,No
12323,2026-07-02, basic ,month-to-month,$16.51,3 months,1,1,5,no,cash,south,5.0,competitor,Yes
10265,2025-06-07,standard,two year,$41.79,16 months,1,19,1,yes,netbanking,south,2.0,,No
12340,2023-11-15, standard ,one year,$38.71,35,2,0,4,yes,card,west,4.0,,No
12822,2025-09-05,basic,one year,17.59,13,1,4,1,yes,card,south,2.0,,No
11624,2024-04-13,standard,month-to-month,$36.11,30 months,1,12,3,yes,upi,south,4.0,,No
12618,2020-10-31,PREMIUM,month-to-month,$70.82,72 months,0,1,1,yes,cash,north,2.0,,No
11179,2023-03-20,standard,two year,$36.01,43 months,6,13,4,no,upi,east,,moved,Yes
12098,2024-06-12,Standard,month-to-month,39.57,28,1,3,1,no,upi,south,1.0,price,Yes
12071,2023-05-19,Premium,month-to-month,$76.66,41,0,1,3,yes,upi,north,4.0,,No
11563,2024-07-12,Basic,month-to-month,18.41,27,1,28,2,yes,upi,east,,,No
10882,2024-11-09,STANDARD,two year,$38.56,23 months,0,2,4,yes,netbanking,west,2.0,,No
11431,2024-06-12,Premium,month-to-month,$68.96,28,0,2,1,yes,upi,east,4.0,,No
11283,2025-01-08, standard ,one year,$39.42,21 months,3,0,5,yes,upi,west,5.0,,No
12276,2022-05-24,Premium,month-to-month,$64.93,53 months,0,17,3,no,netbanking,south,4.0,,No
12034,2024-06-12,Basic,two year,$19.06,28,4,14,3,no,cash,south,3.0,,No
12972,2024-10-10,standard,two year,$41.30,24 months,1,20,3,yes,cash,west,5.0,,No
12156,2023-02-18,STANDARD,two year,$36.99,44 months,3,4,4,yes,card,west,1.0,,No
11389,2023-11-15,standard,month-to-month,$34.97,35 months,1,0,2,no,card,west,3.0,,No
11681,2025-08-06, standard ,month-to-month,$37.62,14,2,7,5,yes,card,west,3.0,service,Yes
11437,2026-08-01,standard,month-to-month,$39.93,2 months,2,19,1,no,upi,west,5.0,moved,Yes
11549,2025-07-07,Premium,month-to-month,71.74,15 months,0,18,2,no,upi,south,2.0,price,Yes
12079,2026-06-02,Premium,one year,$69.45,4 months,3,20,3,no,upi,west,2.0,price,Yes
10011,2026-04-03, basic ,month-to-month,$21.73,6 months,0,10,2,no,card,north,,,No
11629,2024-02-13,STANDARD,two year,41.71,32 months,0,2,5,yes,netbanking,south,3.0,,No
10439,2020-10-31,STANDARD,one year,$44.56,72 months,2,2,1,no,netbanking,south,1.0,,No
11367,2025-05-08,premium,month-to-month,74.10,17,2,10,1,yes,card,west,4.0,price,Yes
10972,2023-02-18,BASIC,month-to-month,$16.28,44 months,0,7,2,no,cash,south,2.0,,No
10711,2024-08-11,basic,month-to-month,$20.68,26 months,2,3,2,no,cash,east,5.0,,No
11483,2025-04-08,basic,month-to-month,$17.18,18,0,12,3,yes,upi,south,1.0,service,Yes
12401,2024-12-09,BASIC,month-to-month,22.06,22,1,1,1,yes,cash,west,5.0,,No
10670,2025-07-07,BASIC,month-to-month,18.15,15 months,2,15,1,yes,upi,east,,other,Yes
11193,2025-01-08, standard ,month-to-month,44.99,21,0,5,3,yes,cash,east,4.0,,No
10126,2025-02-07,basic,month-to-month,$17.20,20 months,1,11,2,yes,cash,south,1.0,other,Yes
12306,2023-04-19,STANDARD,month-to-month,$44.26,42,2,3,2,yes,cash,north,4.0,,No
12942,2024-06-12, basic ,month-to-month,$16.62,28,1,8,3,no,cash,east,,competitor,Yes
11927,2022-06-23,Basic,two year,$19.71,52,2,7,3,no,card,south,,,No
11338,2025-11-04,Basic,month-to-month,21.31,11,0,4,3,yes,upi,west,5.0,,No
12012,2023-12-15,standard,month-to-month,$35.50,34 months,0,8,1,yes,cash,north,,,No
11060,2024-03-14,Standard,one year,$40.72,31 months,1,13,4,yes,upi,west,1.0,,No
10199,2025-02-07,standard,month-to-month,$39.88,20 months,1,21,3,no,cash,east,5.0,,No
10629,2026-06-02,Standard,month-to-month,$37.18,4,2,5,3,no,card,west,5.0,,No
10410,2022-02-23,Basic,two year,18.23,56,2,0,4,no,card,south,4.0,,No
12776,2020-10-31, standard ,month-to-month,42.28,72 months,0,35,5,yes,card,south,1.0,,No
11741,2024-05-13,Premium,one year,$71.00,29 months,1,4,4,yes,netbanking,north,,,No
12927,2023-03-20,BASIC,month-to-month,$25.37,43,2,21,5,yes,cash,east,2.0,moved,Yes
11199,2024-01-14, basic ,one year,21.25,33,0,4,5,yes,upi,south,1.0,,No
12796,2026-01-03, standard ,one year,$38.46,9 months,0,2,3,no,upi,north,2.0,,No
11202,2025-08-06,basic,month-to-month,18.94,14 months,0,29,1,yes,netbanking,south,4.0,other,Yes
11300,2023-11-15,Standard,month-to-month,$39.55,35,2,1,2,no,upi,west,5.0,,No
12938,2024-05-13, standard ,two year,$38.52,29,0,21,5,no,upi,east,3.0,,No
10014,2025-09-05, standard ,month-to-month,$38.19,13 months,0,5,2,yes,card,north,5.0,,No
12990,2026-07-02,basic,month-to-month,20.12,3 months,0,7,5,yes,cash,south,2.0,other,Yes
12653,2024-02-13,Basic,one year,$16.27,32,1,14,4,yes,upi,east,4.0,,No
10657,2025-11-04,basic,one year,23.94,11,3,0,4,no,netbanking,south,1.0,other,Yes
10537,2025-03-09, standard ,two year,$38.44,19,1,16,1,no,upi,north,5.0,,No
10968,2024-06-12,BASIC,one year,20.31,28,1,21,3,yes,cash,north,5.0,,No
12620,2026-04-03,basic,one year,$19.84,6,1,2,2,no,cash,south,4.0,,No
11666,2024-10-10,Standard,month-to-month,37.59,24 months,1,4,1,yes,cash,north,3.0,,No
11663,2026-04-03, standard ,two year,$38.39,6 months,2,4,3,yes,cash,north,4.0,,No
12705,2026-03-04, premium ,month-to-month,$70.99,7,4,13,1,yes,upi,north,4.0,competitor,Yes
12212,2024-06-12,basic,one year,$19.98,28 months,0,31,5,yes,cash,east,2.0,,No
11136,2026-06-02, standard ,month-to-month,$39.94,4 months,0,15,3,yes,upi,west,5.0,,No
11594,2025-09-05, basic ,month-to-month,$24.52,13,0,5,2,no,netbanking,south,2.0,moved,Yes
11459,2025-06-07, premium ,month-to-month,$72.77,16 months,1,20,4,no,card,west,3.0,competitor,Yes
10483,2025-02-07,basic,two year,$17.59,20,0,7,2,yes,cash,south,,,No
11245,2026-04-03, basic ,one year,$21.15,6 months,1,17,3,yes,upi,north,5.0,,No
12474,2025-05-08, standard ,two year,$38.01,17 months,3,28,5,yes,cash,east,2.0,,Yes
12179,2026-02-02,Basic,one year,23.28,8 months,1,10,1,yes,upi,west,3.0,other,Yes
12815,2023-09-16,STANDARD,one year,$44.92,37,1,40,1,no,netbanking,north,3.0,other,Yes
10694,2026-04-03, standard ,one year,$44.13,6,1,1,2,yes,card,east,1.0,,No
12633,2026-05-03,Premium,two year,$71.13,5 months,1,14,3,yes,cash,west,5.0,,No
12074,2026-01-03, standard ,month-to-month,$38.15,9,2,3,4,yes,netbanking,east,2.0,,Yes
12121,2024-02-13, basic ,month-to-month,17.68,32,1,37,2,no,card,south,4.0,,No
12472,2024-03-14, basic ,month-to-month,$21.97,31,3,3,5,yes,netbanking,south,3.0,,Yes
11540,2025-09-05,Basic,one year,$14.23,13,0,2,1,no,cash,east,1.0,,No
11579,2023-09-16,Basic,one year,18.72,37 months,0,22,3,no,netbanking,east,2.0,,No
12061,2024-04-13,standard,month-to-month,39.49,30 months,1,20,4,yes,card,north,3.0,moved,Yes
11472,2024-05-13, standard ,month-to-month,$43.82,29,0,5,2,yes,upi,south,3.0,other,Yes
12882,2025-03-09,PREMIUM,month-to-month,$73.95,19 months,1,2,2,yes,netbanking,east,2.0,,No
12485,2025-11-04, standard ,month-to-month,43.17,11 months,1,8,3,no,cash,south,3.0,price,Yes
12257,2025-05-08, basic ,month-to-month,21.60,17,0,16,1,no,card,west,,,No
12352,2023-12-15,Basic,month-to-month,$17.51,34,2,34,5,no,upi,east,3.0,other,Yes
11601,2024-12-09,Standard,one year,$37.06,22,0,25,4,yes,card,east,3.0,,No
11534,2026-07-02,Basic,month-to-month,$19.59,3 months,1,6,3,no,card,north,5.0,moved,Yes
11907,2024-12-09,basic,month-to-month,$19.24,22 months,1,31,5,yes,card,west,4.0,,No
12389,2024-05-13,BASIC,one year,$20.15,29,1,2,4,no,cash,west,1.0,,No
10812,2021-12-25,BASIC,one year,22.53,58 months,1,9,3,yes,netbanking,east,4.0,,No
11371,2023-12-15,BASIC,one year,$22.52,34,0,20,4,yes,cash,south,5.0,,No
10154,2026-08-01,Standard,month-to-month,$44.51,2 months,0,3,5,yes,upi,south,4.0,,No
11329,2025-04-08, standard ,month-to-month,$48.64,18 months,3,6,5,yes,card,west,2.0,,No
10043,2025-10-05,basic,one year,$19.34,12,3,3,2,yes,card,west,2.0,,No
11241,2026-02-02, basic ,month-to-month,$17.93,8 months,0,5,3,yes,cash,south,1.0,,Yes
11419,2025-06-07, standard ,month-to-month,$41.89,16,3,13,1,yes,upi,east,5.0,,No
10879,2026-02-02,Basic,one year,17.10,8 months,0,49,1,no,netbanking,north,1.0,competitor,Yes
11950,2020-10-31,BASIC,one year,$17.02,72 months,0,1,1,no,cash,east,4.0,,No
12589,2023-06-18, standard ,month-to-month,$39.04,40 months,3,20,4,yes,card,north,4.0,other,Yes
11484,2026-01-03, standard ,month-to-month,$40.92,9,2,4,1,yes,netbanking,west,3.0,moved,Yes
10360,2022-06-23,Basic,month-to-month,$23.83,52 months,0,8,2,no,card,east,1.0,,No
10056,2025-10-05,BASIC,month-to-month,17.41,12 months,0,16,1,yes,upi,east,2.0,moved,Yes
10880,2024-10-10,basic,month-to-month,$21.92,24 months,0,2,4,no,netbanking,south,4.0,,No
11319,2025-03-09,Standard,month-to-month,$42.55,19,0,2,5,yes,cash,west,2.0,,No
10027,2025-05-08, standard ,one year,$38.94,17 months,0,1,4,no,netbanking,south,5.0,,No
10681,2025-07-07,premium,month-to-month,71.14,15,1,11,4,no,cash,south,3.0,moved,Yes
11239,2023-04-19,Premium,month-to-month,$68.08,42 months,0,1,1,yes,netbanking,east,2.0,,Yes
11514,2025-05-08, standard ,two year,38.63,17,0,17,1,no,upi,north,3.0,price,Yes
10136,2023-06-18, premium ,month-to-month,68.34,40 months,0,4,2,yes,netbanking,north,1.0,,No
11535,2022-07-23,Standard,two year,$46.97,51,2,21,1,no,upi,east,5.0,,No
12259,2025-11-04,Standard,month-to-month,40.24,11,0,7,3,no,netbanking,east,3.0,,No
11378,2022-12-20,BASIC,two year,$21.66,46,2,3,5,no,netbanking,north,4.0,,No
12809,2026-01-03,STANDARD,two year,$42.27,9,0,14,3,yes,netbanking,north,4.0,,No
12104,2022-02-23,basic,month-to-month,$18.69,56,1,1,4,yes,netbanking,east,5.0,,No
11001,2022-06-23,STANDARD,month-to-month,$38.80,52,0,3,1,yes,card,east,2.0,,No
11863,2026-06-02, premium ,two year,$76.10,4,0,9,3,yes,cash,north,3.0,,No
12265,2025-06-07,Premium,two year,$72.14,16,0,8,3,yes,upi,north,5.0,,No
11065,2026-02-02, basic ,two year,$21.47,8,2,7,5,yes,netbanking,north,2.0,service,Yes
10397,2026-04-03,Basic,month-to-month,$20.66,6 months,1,9,5,yes,cash,south,5.0,,Yes
12958,2026-07-02,basic,month-to-month,$18.94,3,2,17,3,yes,netbanking,west,3.0,service,Yes
10054,2024-08-11,BASIC,one year,$20.68,26 months,3,27,2,no,upi,south,4.0,,No
12294,2024-08-11,premium,month-to-month,$66.56,26 months,1,9,3,no,cash,west,2.0,moved,Yes
10179,2025-04-08,STANDARD,month-to-month,$38.75,18,1,3,1,yes,card,west,4.0,,No
10508,2022-09-21,basic,one year,21.23,49 months,0,7,1,no,netbanking,south,2.0,,No
10301,2026-04-03, standard ,two year,$38.99,6 months,2,3,1,yes,netbanking,east,4.0,,No
11553,2024-11-09,standard,two year,$40.73,23 months,3,34,1,no,upi,north,2.0,competitor,Yes
11664,2025-04-08, premium ,month-to-month,$66.17,18 months,1,8,4,yes,upi,east,5.0,moved,Yes
12668,2025-02-07,STANDARD,two year,35.59,20,1,5,5,yes,card,north,4.0,,No
11002,2026-06-02,standard,two year,$37.81,4,0,21,5,yes,card,south,1.0,price,Yes
10079,2022-10-21,Standard,month-to-month,$40.99,48 months,1,5,2,no,card,south,5.0,,No
10996,2023-03-20,Basic,month-to-month,$20.07,43,0,8,5,yes,card,south,3.0,,No
10727,2024-04-13,Basic,month-to-month,$17.08,30 months,2,3,4,no,card,east,5.0,,No
10229,2023-06-18, basic ,month-to-month,$17.80,40,1,0,2,yes,card,east,2.0,,No
10819,2024-09-10,Standard,two year,$37.80,25,1,2,4,no,cash,north,3.0,,No
11398,2026-02-02, basic ,month-to-month,$22.98,8,1,1,5,yes,upi,east,1.0,competitor,Yes
10989,2024-10-10, basic ,month-to-month,24.40,24,0,15,4,no,card,west,5.0,,No
10030,2023-03-20,premium,one year,$69.04,43,1,3,4,no,card,south,5.0,,No
11658,2025-02-07,BASIC,month-to-month,$19.29,20 months,2,80,1,no,cash,west,4.0,service,Yes
10562,2025-02-07, premium ,one year,70.53,20 months,1,28,1,yes,upi,south,3.0,price,Yes
10226,2024-07-12,PREMIUM,two year,$73.18,27 months,1,18,4,no,cash,south,5.0,,No
10006,2026-02-02,Basic,one year,$24.13,8 months,0,5,1,yes,cash,south,3.0,,No
11228,2025-01-08,Standard,two year,41.65,21,4,27,4,no,cash,west,2.0,competitor,Yes
10445,2025-07-07, basic ,month-to-month,$14.41,15,3,0,1,no,upi,south,2.0,,No
10033,2024-08-11,basic,month-to-month,22.71,26 months,0,14,1,yes,cash,north,5.0,,No
10966,2025-01-08,PREMIUM,one year,$70.23,21 months,0,14,4,yes,netbanking,west,2.0,,No
11682,2023-10-16,Basic,month-to-month,$26.67,36,1,2,2,yes,netbanking,west,2.0,,No
10894,2025-04-08, premium ,two year,$67.65,18 months,1,15,1,no,card,south,1.0,,No
10669,2022-12-20, basic ,one year,$21.64,46 months,3,3,2,yes,cash,west,3.0,,No
12211,2025-01-08, basic ,month-to-month,$13.02,21 months,1,3,4,no,card,south,3.0,other,Yes
11359,2024-10-10,Premium,two year,$65.61,24 months,0,3,1,yes,cash,north,2.0,,No
11407,2026-08-01,Basic,month-to-month,$20.40,2 months,2,30,1,no,netbanking,north,4.0,,Yes
12584,2025-12-04,basic,month-to-month,$20.27,10,3,1,3,yes,card,north,3.0,,No
11397,2025-04-08,premium,one year,$68.22,18,0,0,1,yes,cash,north,3.0,,No
10152,2025-02-07,basic,two year,$26.23,20 months,0,11,3,no,upi,west,3.0,,No
12703,2025-04-08,Standard,month-to-month,$38.33,18 months,2,2,1,yes,netbanking,south,4.0,other,Yes
10223,2026-06-02,BASIC,month-to-month,$14.57,4 months,1,12,1,no,cash,east,4.0,,No
12520,2026-01-03,BASIC,month-to-month,$21.37,9,1,14,3,yes,cash,north,5.0,price,Yes
10703,2026-08-31,premium,one year,$71.20,1,1,1,4,yes,netbanking,west,,,No
11667,2024-01-14,Basic,month-to-month,$18.00,33 months,1,5,4,no,card,east,1.0,price,Yes
12700,2023-02-18, basic ,two year,$24.43,44 months,1,7,2,yes,cash,east,1.0,,No
11445,2024-09-10,premium,month-to-month,$68.23,25,1,8,2,yes,upi,east,4.0,price,Yes
10855,2025-05-08, standard ,one year,$39.41,17 months,0,4,2,yes,upi,east,4.0,,No
11833,2026-03-04, basic ,two year,$20.01,7,1,4,4,yes,cash,east,,,No
11587,2024-12-09,Standard,month-to-month,$37.26,22,0,8,3,yes,upi,east,1.0,,No
11526,2024-09-10, standard ,month-to-month,$37.01,25 months,1,4,4,yes,upi,north,3.0,,No
10114,2024-05-13,PREMIUM,one year,71.65,29 months,2,18,5,yes,upi,south,2.0,price,Yes
12097,2026-06-02,premium,two year,$73.24,4 months,1,23,3,yes,netbanking,west,3.0,,Yes
12338,2023-04-19, standard ,two year,$34.98,42,1,30,5,yes,upi,south,4.0,,No
11101,2024-02-13,basic,month-to-month,17.86,32 months,3,6,3,yes,cash,west,2.0,,No
10207,2026-03-04, standard ,two year,$38.58,7 months,0,16,4,yes,upi,east,2.0,,No
12564,2025-06-07,Standard,month-to-month,$43.27,16,3,8,1,no,upi,east,,price,Yes
11148,2023-09-16,STANDARD,month-to-month,40.04,37,1,15,4,yes,card,east,3.0,,No
11822,2025-11-04,STANDARD,month-to-month,$37.01,11,0,4,5,no,cash,south,4.0,,No
11411,2022-05-24, premium ,two year,$68.13,53 months,1,0,3,no,card,south,5.0,,No
10890,2025-02-07,standard,month-to-month,$43.83,20 months,2,1,5,yes,cash,south,2.0,,No
11145,2026-06-02,PREMIUM,one year,68.33,4,3,1,2,no,upi,south,1.0,other,Yes
10900,2023-10-16,Standard,month-to-month,$40.25,36 months,1,5,4,no,card,west,5.0,,No
10833,2025-12-04,premium,two year,67.11,10 months,1,7,5,no,netbanking,north,2.0,moved,Yes
11246,2025-09-05,PREMIUM,month-to-month,$65.97,13,0,12,1,no,card,east,2.0,service,Yes
12908,2025-09-05,PREMIUM,two year,$67.93,13 months,2,5,5,no,card,west,4.0,,No
11242,2023-06-18, basic ,two year,$20.89,40 months,1,1,3,no,netbanking,north,5.0,,No
11983,2026-08-01,standard,month-to-month,44.43,2,1,3,5,yes,upi,south,3.0,moved,Yes
10870,2025-08-06,Standard,month-to-month,$42.23,14 months,2,11,2,no,netbanking,west,1.0,other,Yes
11660,2024-12-09,PREMIUM,one year,71.71,22,1,7,2,yes,cash,east,3.0,,No
10674,2026-06-02, standard ,month-to-month,43.45,4,1,2,5,yes,upi,east,1.0,other,Yes
12457,2024-09-10,Basic,two year,17.34,25,0,9,3,yes,cash,west,2.0,,No
11375,2026-02-02,standard,month-to-month,$44.11,8 months,0,17,5,yes,netbanking,west,4.0,,No
11677,2025-07-07, basic ,month-to-month,$21.57,15,4,11,3,no,upi,north,2.0,other,Yes
12631,2023-04-19,basic,month-to-month,15.00,42,0,4,4,no,netbanking,north,2.0,,No
10140,2025-05-08, basic ,one year,$20.05,17 months,1,2,4,yes,netbanking,south,4.0,price,Yes
10490,2026-03-04,Standard,two year,$39.89,7,0,3,3,yes,netbanking,east,3.0,,No
10914,2026-03-04,STANDARD,month-to-month,$37.37,7,2,18,1,no,card,east,1.0,,Yes
11616,2025-04-08, standard ,one year,36.08,18 months,3,3,5,no,netbanking,south,2.0,service,Yes
11672,2026-03-04,STANDARD,two year,$37.94,7,1,6,3,no,upi,north,2.0,,No
12214,2022-12-20,BASIC,month-to-month,$21.87,46,1,6,2,yes,upi,east,1.0,,No
11899,2026-02-02,premium,month-to-month,70.40,8,0,4,4,no,card,north,1.0,service,Yes
12592,2025-12-04,standard,two year,$37.19,10 months,3,7,4,yes,upi,south,,,No
10813,2026-08-01,Basic,two year,$26.12,2 months,3,10,3,no,cash,south,1.0,,No
10215,2025-08-06,Basic,month-to-month,$22.15,14,0,3,2,yes,card,west,2.0,service,Yes
11944,2026-08-31,PREMIUM,one year,68.91,1,1,1,3,no,card,west,3.0,,No
12180,2025-07-07,premium,one year,$68.06,15 months,1,8,4,yes,card,east,4.0,,No
10315,2025-09-05,basic,month-to-month,$20.76,13 months,0,1,5,no,cash,north,1.0,moved,Yes
12187,2024-03-14, basic ,one year,20.04,31,1,5,4,no,cash,north,5.0,,No
10417,2025-08-06, premium ,month-to-month,$72.09,14,1,35,2,yes,netbanking,west,3.0,other,Yes
11030,2025-11-04,STANDARD,one year,$41.90,11,1,22,3,yes,netbanking,east,2.0,,No
12087,2024-05-13,Standard,one year,36.45,29,0,24,1,no,cash,north,5.0,,No
12102,2026-06-02, basic ,one year,$18.61,4,1,12,4,yes,card,west,4.0,,No
10137,2025-01-08, basic ,month-to-month,23.38,21,1,15,2,yes,upi,south,3.0,,No
10747,2025-10-05,basic,one year,$22.97,12,1,6,1,yes,card,south,3.0,,No
11475,2023-12-15, basic ,month-to-month,$24.66,34 months,2,15,3,yes,netbanking,south,4.0,,No
11123,2023-02-18,BASIC,month-to-month,22.47,44,0,2,2,no,cash,north,4.0,,No
10794,2023-12-15,basic,two year,$18.77,34,0,23,3,no,upi,south,2.0,,No
10036,2024-12-09,Basic,one year,$16.45,22 months,0,1,3,no,netbanking,east,4.0,,No
10026,2020-10-31,premium,one year,$64.80,72 months,6,2,1,yes,upi,west,3.0,,No
10658,2025-05-08,standard,two year,35.66,17,1,14,5,no,card,south,2.0,,No
11403,2024-12-09, basic ,two year,$14.53,22 months,2,3,3,no,cash,east,1.0,,No
10450,2026-08-01,standard,two year,$40.18,2,0,25,5,no,cash,south,2.0,price,Yes
11402,2026-03-04,Premium,month-to-month,$68.44,7 months,1,7,3,no,netbanking,east,1.0,price,Yes
11259,2025-01-08,Premium,two year,74.01,21 months,0,6,2,no,netbanking,north,2.0,service,Yes
12351,2026-03-04,Premium,month-to-month,$68.94,7 months,1,9,1,no,netbanking,west,2.0,competitor,Yes
10752,2026-08-31,STANDARD,month-to-month,$39.96,1,1,31,3,yes,card,south,1.0,,No
11271,2024-07-12,standard,two year,41.60,27 months,4,3,2,no,netbanking,west,1.0,competitor,Yes
12997,2026-03-04, basic ,two year,$25.23,7 months,0,1,3,yes,card,north,5.0,,No
11450,2025-05-08, basic ,month-to-month,$18.35,17 months,3,5,3,yes,card,south,3.0,,Yes
12422,2025-01-08,STANDARD,month-to-month,$41.26,21 months,0,3,5,yes,netbanking,north,2.0,price,Yes
11053,2026-02-02,BASIC,month-to-month,18.68,8 months,0,5,3,yes,upi,west,1.0,,No
12438,2025-06-07, basic ,month-to-month,20.88,16,1,25,3,yes,netbanking,east,1.0,price,Yes
10245,2024-10-10, standard ,month-to-month,$38.06,24,0,1,3,yes,card,east,2.0,,No
12152,2025-08-06,basic,month-to-month,$17.72,14 months,1,0,1,no,netbanking,south,5.0,moved,Yes
10277,2025-03-09,standard,month-to-month,$41.24,19,0,5,4,yes,cash,north,5.0,,No
12442,2023-07-18,basic,month-to-month,$18.58,39,0,13,1,yes,cash,south,3.0,,No
12159,2024-04-13,BASIC,one year,23.53,30,0,6,1,yes,netbanking,south,1.0,,No
10589,2025-12-04,STANDARD,one year,$38.76,10 months,3,26,3,yes,card,south,2.0,moved,Yes
12208,2026-02-02,STANDARD,month-to-month,$40.96,8,0,1,4,yes,netbanking,east,4.0,price,Yes
10971,2022-06-23,PREMIUM,month-to-month,$61.73,52 months,1,5,5,yes,netbanking,west,,,No
11948,2024-08-11, basic ,month-to-month,$21.32,26 months,3,35,3,yes,cash,east,5.0,,No
12601,2025-05-08,basic,month-to-month,$20.20,17,0,6,1,yes,card,north,2.0,moved,Yes
12657,2021-09-26,BASIC,month-to-month,20.94,61 months,1,11,1,yes,netbanking,north,4.0,,No
12388,2026-08-31,basic,one year,17.01,1,2,19,3,yes,netbanking,south,4.0,price,Yes
12378,2025-12-04,BASIC,month-to-month,$13.14,10 months,3,11,5,no,cash,south,5.0,,No
11760,2023-04-19, basic ,two year,22.63,42,3,10,1,no,cash,north,2.0,,No
12182,2022-01-24, premium ,two year,65.87,57 months,1,13,1,no,netbanking,north,5.0,,No
11324,2026-08-01,Basic,two year,20.78,2 months,3,9,1,yes,upi,north,4.0,service,Yes
10168,2024-05-13, premium ,month-to-month,74.87,29,2,7,4,no,netbanking,north,1.0,,Yes
12273,2025-02-07,Standard,month-to-month,38.72,20,3,7,1,no,netbanking,south,5.0,,Yes
10928,2025-08-06, basic ,one year,$18.91,14,1,2,2,yes,netbanking,west,3.0,moved,Yes
10025,2026-06-02,BASIC,month-to-month,$17.00,4,1,10,3,no,upi,west,3.0,,No
10807,2023-02-18,Basic,month-to-month,20.98,44,1,12,4,yes,cash,south,1.0,service,Yes
12930,2025-10-05,basic,two year,16.51,12,3,7,1,no,cash,east,2.0,,No
10444,2023-03-20,STANDARD,one year,36.94,43,1,7,2,no,upi,north,2.0,moved,Yes
11780,2025-05-08,basic,month-to-month,$21.49,17,2,5,2,yes,cash,north,1.0,,Yes
10151,2023-12-15, basic ,one year,21.33,34,3,20,3,no,card,west,5.0,,No
12827,2025-10-05,Premium,month-to-month,$62.29,12 months,1,2,4,no,netbanking,east,3.0,price,Yes
12143,2024-09-10,BASIC,month-to-month,$20.52,25 months,3,7,1,yes,cash,west,3.0,price,Yes
10755,2023-06-18,basic,month-to-month,$15.79,40,2,1,5,yes,card,east,3.0,,No
12266,2025-03-09, standard ,one year,$38.71,19,2,9,3,yes,netbanking,east,5.0,,No
12430,2024-05-13,Premium,two year,65.64,29,1,4,4,yes,cash,east,5.0,,No
11048,2025-08-06,standard,month-to-month,43.64,14,2,12,5,no,upi,east,1.0,price,Yes
10781,2022-06-23, standard ,month-to-month,$37.45,52,1,9,5,no,netbanking,south,5.0,,No
10901,2025-02-07,BASIC,one year,$16.47,20,2,11,2,yes,card,south,2.0,,No
10865,2024-04-13, standard ,one year,$33.70,30 months,2,8,2,yes,cash,west,3.0,moved,Yes
11953,2025-08-06,basic,month-to-month,$19.57,14,1,54,3,no,upi,east,4.0,service,Yes
12341,2022-09-21,basic,two year,$21.00,49,0,2,2,yes,netbanking,south,4.0,,No
11198,2025-11-04,standard,one year,$38.47,11 months,1,18,3,no,card,west,5.0,,No
10101,2022-05-24,Basic,one year,$18.17,53,0,22,3,yes,upi,north,2.0,,No
11050,2023-08-17,BASIC,month-to-month,$18.59,38 months,1,15,5,no,card,south,1.0,other,Yes
11628,2026-03-04,Basic,month-to-month,$21.70,7 months,2,10,5,yes,cash,east,4.0,moved,Yes
12444,2024-06-12,standard,month-to-month,$39.69,28,1,6,1,yes,upi,north,1.0,moved,Yes
12538,2025-12-04,basic,month-to-month,$22.57,10,0,16,5,yes,card,south,5.0,competitor,Yes
11272,2025-07-07,Premium,month-to-month,$71.74,15,1,49,3,yes,upi,east,5.0,,No
11759,2024-10-10,Premium,month-to-month,$64.68,24,1,3,3,yes,netbanking,north,3.0,,No
12718,2026-05-03,standard,month-to-month,43.48,5,3,14,1,yes,netbanking,east,4.0,price,Yes
11379,2021-06-28,PREMIUM,month-to-month,$71.69,64 months,0,1,1,yes,upi,south,5.0,,No
10767,2023-12-15, premium ,one year,70.18,34 months,2,9,4,yes,cash,south,,competitor,Yes
10751,2024-07-12,basic,one year,16.31,27,0,16,2,no,cash,east,3.0,,Yes
10963,2025-06-07,STANDARD,month-to-month,$39.63,16 months,1,4,5,yes,upi,east,2.0,moved,Yes
12750,2025-08-06,Standard,two year,$39.85,14 months,3,8,3,no,upi,east,3.0,,No
12291,2023-07-18,basic,month-to-month,19.05,39,1,19,1,no,netbanking,north,4.0,,No
10169,2023-12-15, standard ,month-to-month,$43.24,34 months,1,12,4,no,card,east,2.0,,No
10074,2025-12-04,PREMIUM,one year,$70.73,10 months,0,17,1,no,cash,north,5.0,service,Yes
12608,2025-02-07,premium,one year,$65.52,20 months,2,26,1,no,cash,south,2.0,,Yes
12856,2026-01-03,standard,two year,$43.14,9,0,41,3,yes,netbanking,west,5.0,,No
11884,2025-10-05, basic ,month-to-month,25.22,12 months,2,68,5,yes,upi,north,1.0,,Yes
12167,2024-10-10,basic,two year,25.24,24 months,0,15,3,yes,upi,north,2.0,,No
11139,2025-03-09,basic,month-to-month,$19.97,19 months,2,2,4,no,card,west,1.0,,Yes
12569,2026-07-02,standard,month-to-month,37.70,3 months,3,33,2,yes,upi,east,4.0,,Yes
10993,2025-03-09,Basic,month-to-month,$24.85,19 months,2,3,1,no,netbanking,north,3.0,price,Yes
12054,2024-11-09,standard,month-to-month,$38.20,23,1,2,5,yes,netbanking,east,3.0,,No
11500,2024-10-10, standard ,month-to-month,40.78,24,0,10,2,no,cash,west,4.0,,No
12303,2023-12-15, basic ,two year,$18.72,34 months,3,10,3,yes,netbanking,north,4.0,service,Yes
11906,2026-01-03,basic,month-to-month,$23.69,9,0,8,4,no,upi,west,4.0,price,Yes
11094,2025-08-06, basic ,one year,$20.51,14,0,19,4,yes,upi,north,2.0,,No
11385,2026-02-02,standard,month-to-month,$40.92,8 months,2,6,4,yes,upi,south,1.0,,No
12432,2025-02-07,basic,one year,$16.47,20 months,1,1,4,yes,card,south,2.0,moved,Yes
11739,2025-04-08,basic,one year,$18.80,18,2,9,1,yes,cash,east,3.0,moved,Yes
12682,2025-02-07,Premium,month-to-month,$65.96,20,4,3,4,no,card,east,4.0,price,Yes
11504,2024-11-09, standard ,month-to-month,44.01,23 months,2,2,2,no,cash,north,3.0,service,Yes
12565,2024-10-10, standard ,month-to-month,$39.33,24,2,10,1,yes,card,west,2.0,,No
11632,2025-02-07,basic,two year,$18.70,20 months,1,6,4,yes,netbanking,south,5.0,,No
12103,2025-02-07,Premium,month-to-month,$70.83,20 months,1,3,2,yes,netbanking,south,,,No
12516,2025-01-08,Basic,month-to-month,$19.53,21,1,1,3,yes,card,north,2.0,,No
10267,2024-09-10,basic,month-to-month,$19.82,25 months,1,23,4,yes,card,south,2.0,,Yes
11034,2024-09-10, standard ,month-to-month,$45.82,25 months,3,7,4,yes,cash,north,1.0,competitor,Yes
11830,2025-11-04, standard ,two year,$39.13,11,2,8,1,no,card,east,3.0,competitor,Yes
12632,2026-06-02,PREMIUM,month-to-month,66.70,4 months,2,2,1,no,netbanking,east,5.0,other,Yes
12586,2025-03-09,Standard,two year,$40.15,19 months,1,15,5,no,cash,north,5.0,,No
11845,2025-12-04,standard,one year,42.02,10 months,1,3,4,no,card,west,1.0,,Yes
12108,2026-01-03, basic ,month-to-month,$19.32,9 months,2,13,3,no,cash,east,2.0,competitor,Yes
12675,2025-11-04, premium ,month-to-month,$65.18,11,4,7,1,yes,cash,east,3.0,,Yes
12215,2020-10-31,premium,month-to-month,$67.02,72,4,22,2,no,cash,east,2.0,other,Yes
10145,2024-11-09,Basic,two year,$24.11,23,2,64,1,yes,upi,east,2.0,,No
10332,2026-05-03, standard ,month-to-month,$42.35,5,2,4,5,yes,card,north,3.0,moved,Yes
11974,2026-08-01,Premium,month-to-month,69.21,2 months,0,3,1,yes,netbanking,north,2.0,,Yes
10248,2026-04-03, basic ,month-to-month,$18.43,6 months,0,6,1,no,netbanking,south,,,No
10374,2023-11-15,basic,one year,$20.90,35,2,5,3,yes,card,north,4.0,,No
10381,2025-06-07,basic,month-to-month,$16.35,16,1,4,1,no,netbanking,west,,price,Yes
12548,2025-04-08, basic ,month-to-month,$13.75,18 months,2,1,4,yes,netbanking,west,1.0,competitor,Yes
10321,2024-04-13,Standard,two year,$40.30,30,1,2,4,yes,upi,south,4.0,,No
12240,2024-11-09, premium ,month-to-month,70.97,23 months,1,14,5,yes,cash,west,3.0,,Yes
10637,2021-07-28,standard,month-to-month,35.75,63,0,2,4,yes,upi,north,5.0,,No
12665,2026-02-02,Basic,two year,$21.06,8,0,6,5,yes,cash,south,4.0,,No
11588,2023-10-16,Premium,month-to-month,$71.00,36 months,0,11,2,no,upi,east,5.0,,No
11332,2025-12-04,BASIC,month-to-month,22.09,10 months,0,2,2,no,cash,north,3.0,,No
12878,2026-01-03,basic,month-to-month,$16.31,9 months,3,2,1,yes,netbanking,east,2.0,other,Yes
12672,2024-11-09,Standard,month-to-month,$43.42,23 months,0,9,4,yes,cash,north,5.0,,No
12615,2024-11-09, basic ,month-to-month,$18.32,23 months,0,2,5,yes,upi,south,3.0,,No
12283,2025-06-07, standard ,two year,$38.46,16,0,16,4,yes,card,east,2.0,,No
11215,2023-11-15,Premium,month-to-month,74.45,35 months,4,26,5,no,card,east,4.0,,No
10431,2026-02-02,premium,month-to-month,$67.46,8 months,3,4,3,yes,card,east,5.0,,No
11011,2024-08-11,PREMIUM,month-to-month,$72.45,26,2,6,2,no,netbanking,east,4.0,,No
10192,2024-03-14,premium,month-to-month,$66.23,31 months,0,4,2,yes,card,west,1.0,,No
12689,2023-08-17,standard,month-to-month,$40.80,38 months,0,29,1,yes,cash,east,2.0,,No
11176,2025-06-07,Basic,one year,23.18,16,3,3,3,yes,upi,west,3.0,competitor,Yes
10436,2025-02-07,BASIC,one year,$16.59,20,1,26,5,no,card,east,2.0,,No
12770,2025-10-05,BASIC,month-to-month,$19.22,12 months,0,3,4,yes,upi,east,2.0,moved,Yes
11691,2023-05-19, standard ,month-to-month,$39.13,41 months,1,0,4,yes,upi,west,,,No
11943,2026-08-31,PREMIUM,month-to-month,$62.47,1 months,1,3,1,yes,netbanking,south,4.0,other,Yes
11281,2025-05-08,STANDARD,two year,$36.30,17 months,2,10,1,yes,cash,east,1.0,,No
11900,2023-07-18, premium ,month-to-month,$71.86,39,0,9,5,yes,cash,east,3.0,,No
11187,2021-09-26, standard ,month-to-month,$31.92,61,2,24,2,no,card,east,4.0,,No
11017,2024-01-14,PREMIUM,one year,$70.03,33 months,0,9,1,yes,upi,west,1.0,,No
12233,2025-06-07, standard ,month-to-month,$36.11,16 months,1,12,2,yes,card,west,4.0,,No
10688,2026-05-03,BASIC,two year,$15.89,5,2,9,4,yes,cash,north,1.0,other,Yes
11566,2025-09-05,Premium,month-to-month,$75.06,13,2,0,2,yes,card,south,3.0,,No
10639,2025-02-07,STANDARD,one year,$36.04,20 months,1,3,5,yes,netbanking,west,2.0,,No
10570,2023-07-18,basic,month-to-month,$26.20,39,0,12,5,yes,netbanking,south,3.0,,No
10934,2024-09-10,standard,month-to-month,$39.07,25 months,0,9,5,yes,upi,south,3.0,,No
11408,2024-06-12, basic ,month-to-month,$22.43,28 months,0,28,3,no,netbanking,north,5.0,,No
11170,2025-03-09,PREMIUM,one year,$67.99,19,0,11,1,no,netbanking,south,2.0,,No
11361,2023-11-15, basic ,month-to-month,$9.35,35 months,0,17,5,no,netbanking,south,4.0,,No
10534,2024-06-12,standard,month-to-month,$36.68,28 months,0,3,5,no,netbanking,west,5.0,other,Yes
10706,2025-08-06,premium,one year,$72.13,14 months,3,8,1,no,upi,east,1.0,competitor,Yes
11823,2026-01-03, standard ,two year,39.62,9 months,2,10,1,yes,cash,east,1.0,,No
12749,2025-04-08,BASIC,two year,18.60,18,0,12,4,yes,card,west,5.0,,No
10197,2024-06-12, premium ,month-to-month,$68.69,28 months,0,8,1,yes,upi,south,1.0,other,Yes
12482,2025-12-04,STANDARD,month-to-month,$43.75,10,0,27,5,no,upi,south,2.0,service,Yes
11803,2024-12-09, premium ,month-to-month,$71.93,22,0,8,2,no,upi,west,2.0,other,Yes
10496,2025-12-04,Premium,month-to-month,66.33,10,1,17,1,yes,upi,north,2.0,competitor,Yes
12640,2025-07-07,Premium,one year,$68.84,15,0,6,2,no,upi,south,5.0,,No
10937,2024-01-14,BASIC,one year,$22.29,33 months,2,22,4,yes,card,south,2.0,,No
10980,2021-10-26,STANDARD,month-to-month,$40.52,60 months,0,3,5,yes,upi,south,1.0,,No
12429,2023-10-16, standard ,month-to-month,$45.08,36,2,2,1,no,card,east,3.0,,No
12076,2026-02-02,STANDARD,month-to-month,$39.36,8,2,7,2,no,netbanking,south,5.0,,No
11302,2025-05-08,Premium,month-to-month,$70.45,17,0,9,2,yes,upi,east,5.0,,No
11814,2026-03-04,premium,month-to-month,71.77,7,1,26,5,yes,cash,south,2.0,moved,Yes
11656,2025-05-08,STANDARD,two year,$49.07,17,0,4,1,yes,cash,east,4.0,,No
10396,2026-05-03,Premium,month-to-month,$68.85,5,1,1,2,yes,card,west,1.0,price,Yes
12369,2025-11-04,basic,two year,19.57,11,0,17,4,yes,upi,south,3.0,,No
11706,2026-02-02,Standard,month-to-month,37.00,8,0,6,3,no,upi,south,4.0,,Yes
10148,2023-12-15,standard,one year,$37.57,34,2,2,5,no,upi,east,5.0,,No
10798,2024-01-14, standard ,month-to-month,$31.87,33,1,4,4,yes,card,east,4.0,,No
11751,2025-07-07, premium ,two year,$70.63,15,0,1,1,no,netbanking,south,1.0,,No
10624,2025-10-05,Premium,one year,$71.36,12 months,0,11,2,yes,cash,west,2.0,competitor,Yes
12287,2026-04-03,Basic,one year,$21.41,6 months,3,3,1,no,cash,east,4.0,,No
12029,2025-09-05, basic ,month-to-month,$23.08,13,3,8,4,no,netbanking,south,,,No
11010,2025-11-04,BASIC,month-to-month,26.15,11,1,4,3,no,upi,east,5.0,,No
11519,2024-07-12,standard,one year,37.75,27 months,0,6,3,yes,cash,west,1.0,competitor,Yes
10911,2022-01-24,basic,one year,$16.54,57,1,1,5,yes,upi,east,5.0,,No
11623,2024-06-12,basic,one year,$22.43,28,1,11,2,yes,upi,east,3.0,,No
10896,2025-10-05,standard,month-to-month,$40.85,12,1,10,3,yes,netbanking,west,2.0,,No
11474,2025-09-05,standard,two year,43.68,13,0,20,2,no,card,south,2.0,,No
12858,2025-12-04,Premium,month-to-month,$72.27,10,1,11,5,yes,upi,south,3.0,,No
11362,2024-02-13,BASIC,month-to-month,15.65,32 months,1,16,5,no,cash,east,3.0,other,Yes
10107,2022-07-23,BASIC,two year,17.01,51 months,1,38,3,yes,cash,north,4.0,,No
10351,2024-07-12, standard ,one year,$43.12,27,0,28,3,no,upi,west,4.0,,No
11548,2024-11-09,PREMIUM,month-to-month,$61.60,23,3,1,5,yes,cash,west,4.0,moved,Yes
10651,2025-10-05, standard ,month-to-month,39.38,12,1,1,3,no,upi,east,5.0,service,Yes
10390,2025-04-08,PREMIUM,month-to-month,67.10,18 months,2,4,5,no,netbanking,north,5.0,competitor,Yes
11473,2022-04-24,Standard,month-to-month,$46.23,54,2,0,1,yes,card,east,4.0,,No
11118,2024-05-13,standard,month-to-month,$37.54,29,2,2,5,yes,upi,south,1.0,other,Yes
10555,2024-11-09,standard,two year,$37.47,23,1,1,3,no,upi,south,1.0,,No
10300,2020-10-31,Basic,month-to-month,18.58,72,1,13,1,yes,cash,east,1.0,,No
10171,2026-05-03,STANDARD,one year,$41.17,5 months,1,30,4,no,card,south,4.0,service,Yes
11277,2025-07-07, basic ,one year,$14.50,15,0,18,5,yes,card,east,3.0,,No
12355,2025-02-07,basic,month-to-month,$21.63,20 months,4,4,4,yes,upi,west,2.0,,Yes
10416,2025-09-05,BASIC,one year,$22.68,13,0,1,2,yes,cash,east,3.0,,No
10394,2023-07-18,STANDARD,month-to-month,$33.79,39 months,4,3,5,yes,cash,south,1.0,service,Yes
10765,2025-02-07,Premium,two year,$69.26,20 months,1,29,5,yes,cash,south,1.0,,No
10429,2024-09-10,STANDARD,two year,$43.59,25 months,2,11,1,yes,netbanking,west,2.0,,No
10187,2026-03-04, basic ,one year,17.39,7,2,18,4,yes,netbanking,south,5.0,price,Yes
11840,2024-06-12, basic ,month-to-month,$16.11,28 months,2,0,3,yes,card,south,3.0,price,Yes
11915,2022-10-21,STANDARD,month-to-month,$45.88,48,2,17,1,no,upi,east,1.0,,No
12318,2026-01-03,premium,one year,$72.69,9 months,1,4,2,yes,upi,east,5.0,,No
11890,2024-03-14,basic,two year,19.68,31 months,2,1,4,yes,netbanking,south,4.0,,No
10631,2023-08-17,BASIC,month-to-month,23.58,38,0,7,3,yes,card,east,3.0,,No
10951,2023-04-19,premium,month-to-month,67.63,42,2,1,5,yes,upi,north,3.0,,No
10163,2023-10-16, standard ,one year,$35.73,36 months,3,9,5,yes,upi,south,4.0,,No
10414,2025-10-05,PREMIUM,month-to-month,$70.14,12,0,44,4,yes,upi,east,,other,Yes
11074,2023-11-15,BASIC,one year,17.63,35,1,7,1,yes,netbanking,south,1.0,,No
12144,2021-03-30,Basic,month-to-month,$15.85,67 months,2,26,4,no,netbanking,east,1.0,other,Yes
12147,2026-04-03,standard,month-to-month,$44.61,6,2,17,2,no,netbanking,west,4.0,price,Yes
12018,2024-08-11,premium,one year,69.08,26,3,1,5,yes,netbanking,west,4.0,,No
11031,2022-03-25,Standard,month-to-month,$36.03,55,0,8,4,yes,upi,north,2.0,,No
10877,2025-07-07, basic ,month-to-month,$14.94,15,3,13,1,yes,cash,west,5.0,,No
10818,2025-05-08,Standard,one year,$41.59,17,3,2,2,no,upi,west,5.0,,No
10823,2024-12-09, premium ,one year,74.09,22 months,1,7,5,yes,cash,south,3.0,,No
12256,2022-04-24,BASIC,month-to-month,18.10,54,2,34,5,no,netbanking,west,3.0,price,Yes
12735,2024-02-13,premium,two year,$75.24,32 months,2,17,2,yes,card,north,2.0,,No
10873,2022-06-23,STANDARD,one year,37.69,52 months,2,11,2,yes,card,north,5.0,,No
10246,2026-06-02,PREMIUM,one year,66.82,4,0,23,4,no,upi,east,1.0,price,Yes
10230,2026-08-01, standard ,one year,42.32,2,1,0,5,yes,netbanking,south,2.0,competitor,Yes
10907,2024-05-13,STANDARD,month-to-month,$37.12,29 months,2,25,4,no,netbanking,east,2.0,other,Yes
12057,2023-09-16,Basic,two year,$19.73,37 months,2,2,3,yes,netbanking,north,3.0,other,Yes
10897,2025-10-05,Standard,month-to-month,$43.59,12,1,19,3,yes,upi,north,5.0,moved,Yes
12236,2023-07-18, premium ,month-to-month,71.87,39 months,1,4,2,yes,card,east,5.0,,No
12921,2025-03-09,Standard,month-to-month,$37.04,19,1,5,4,yes,cash,west,1.0,,No
11754,2024-07-12,standard,one year,$40.98,27,1,5,5,no,upi,south,2.0,,No
12963,2025-02-07,standard,one year,41.21,20 months,3,9,3,no,upi,south,2.0,service,Yes
12154,2025-01-08,PREMIUM,month-to-month,$71.60,21 months,1,17,5,yes,netbanking,east,3.0,,Yes
10792,2025-09-05,Standard,month-to-month,37.04,13,3,10,4,yes,upi,north,3.0,,Yes
12238,2025-02-07,standard,month-to-month,34.37,20,2,24,3,yes,netbanking,south,,,No
11911,2023-04-19, basic ,month-to-month,$17.89,42,0,10,3,yes,card,east,4.0,,No
11328,2026-03-04, standard ,month-to-month,$37.26,7 months,0,7,1,yes,cash,east,2.0,competitor,Yes
12309,2026-01-03,standard,month-to-month,41.42,9 months,2,0,1,yes,upi,west,1.0,moved,Yes
12193,2026-05-03,STANDARD,one year,44.89,5 months,1,4,5,no,cash,south,2.0,price,Yes
11652,2025-01-08,Basic,month-to-month,$16.82,21,2,1,5,yes,cash,south,5.0,,No
10699,2026-08-31, basic ,month-to-month,25.98,1,0,11,3,yes,netbanking,east,2.0,moved,Yes
12491,2025-05-08,STANDARD,month-to-month,37.37,17 months,2,17,1,yes,card,north,4.0,,Yes
10891,2024-03-14, premium ,one year,68.96,31,0,0,3,no,upi,east,5.0,,No
12643,2025-03-09,Standard,one year,$39.27,19,1,2,1,no,upi,north,3.0,,No
11718,2023-11-15,BASIC,one year,$20.62,35,1,12,1,yes,card,south,4.0,,No
12580,2026-04-03,premium,month-to-month,$65.54,6 months,0,2,4,no,cash,south,1.0,,No
10895,2023-06-18,basic,one year,21.76,40,2,9,1,yes,cash,north,5.0,,No
11152,2025-06-07,standard,one year,$45.95,16 months,1,59,4,yes,cash,south,5.0,,Yes
11447,2023-04-19,basic,two year,14.37,42 months,0,4,1,no,upi,east,1.0,,No
10058,2025-05-08,standard,one year,$44.67,17,2,2,1,no,upi,north,3.0,,No
11980,2023-09-16,Standard,one year,$39.46,37 months,0,0,1,yes,card,north,4.0,,No
11923,2025-04-08,Standard,one year,$38.71,18,3,6,2,no,cash,west,5.0,,No
11058,2024-09-10, premium ,month-to-month,$70.83,25,0,0,4,yes,card,south,2.0,other,Yes
12331,2026-06-02,Premium,month-to-month,$67.29,4 months,0,9,5,yes,cash,south,5.0,,No
12411,2023-11-15,BASIC,month-to-month,$21.50,35,0,5,2,no,upi,north,,,No
12292,2020-10-31,Premium,month-to-month,$72.92,72,0,24,3,yes,netbanking,east,3.0,,No
10093,2026-03-04,basic,month-to-month,$15.11,7 months,2,5,2,no,netbanking,south,2.0,,No
11235,2025-11-04,basic,two year,$17.11,11 months,2,5,5,yes,netbanking,east,5.0,,No
12386,2025-02-07, standard ,one year,$37.53,20,2,10,5,yes,netbanking,south,,other,Yes
11014,2022-09-21,STANDARD,one year,$36.15,49,2,7,1,yes,netbanking,south,4.0,,No
11701,2025-09-05,standard,two year,$41.71,13 months,0,6,1,yes,upi,south,4.0,,No
10948,2025-06-07,BASIC,month-to-month,$23.43,16,1,4,5,yes,netbanking,south,1.0,,Yes
11794,2024-02-13,Basic,month-to-month,$21.42,32 months,1,9,2,no,card,west,5.0,,No
11110,2024-03-14,Standard,month-to-month,40.78,31 months,1,16,1,no,card,east,4.0,,No
10191,2026-07-02,premium,two year,$70.44,3,3,8,5,yes,upi,west,5.0,,No
12088,2026-04-03,Basic,month-to-month,$20.29,6 months,3,15,1,yes,netbanking,east,4.0,price,Yes
11532,2023-06-18,premium,one year,$71.93,40 months,1,0,4,no,cash,north,3.0,,No
11997,2025-11-04,Standard,month-to-month,$47.17,11 months,3,26,4,no,netbanking,east,4.0,moved,Yes
12683,2021-05-29,Basic,month-to-month,18.78,65 months,0,23,3,no,netbanking,south,5.0,,No
11955,2022-09-21,Standard,one year,40.49,49,1,29,4,yes,cash,north,4.0,,No
10724,2026-02-02, basic ,one year,$16.95,8,2,3,2,yes,card,east,5.0,,No
12112,2026-06-02,premium,one year,$69.29,4 months,1,14,5,no,cash,south,3.0,,No
12282,2021-02-28,basic,one year,$24.77,68 months,1,16,4,no,netbanking,north,3.0,,No
10677,2026-03-04,basic,one year,21.50,7,0,17,2,yes,netbanking,south,5.0,,No
10106,2021-06-28,BASIC,month-to-month,$25.61,64 months,1,6,2,yes,upi,west,5.0,,No
12802,2026-05-03,Basic,month-to-month,$15.77,5,1,20,4,no,card,south,4.0,price,Yes
12987,2025-10-05,basic,two year,18.09,12,0,3,2,yes,cash,east,2.0,,No
11964,2025-06-07, standard ,one year,$39.09,16,0,1,5,yes,netbanking,north,1.0,price,Yes
10903,2023-10-16,BASIC,two year,24.34,36,1,8,5,yes,netbanking,west,3.0,,No
12302,2024-05-13,Standard,one year,$39.88,29 months,3,13,1,no,cash,east,3.0,,No
11433,2026-06-02,BASIC,one year,24.77,4,2,0,4,yes,netbanking,west,1.0,,No
12471,2025-07-07,Basic,one year,$21.56,15 months,2,28,4,yes,upi,north,1.0,service,Yes
10775,2024-08-11,PREMIUM,month-to-month,$71.62,26 months,0,1,5,yes,upi,south,4.0,,No
11233,2026-06-02,standard,month-to-month,$38.65,4 months,3,9,1,yes,netbanking,north,1.0,price,Yes
10859,2025-02-07, premium ,one year,$68.73,20,2,4,2,yes,netbanking,south,2.0,,No
11429,2023-09-16,Standard,month-to-month,$44.24,37 months,2,1,2,no,netbanking,west,2.0,moved,Yes
12030,2026-04-03,BASIC,two year,$19.06,6 months,0,1,4,yes,netbanking,south,2.0,,No
12128,2024-04-13,Premium,month-to-month,75.11,30,1,12,2,no,cash,west,1.0,other,Yes
10990,2025-01-08,STANDARD,one year,39.54,21,0,35,1,no,cash,east,4.0,moved,Yes
10498,2025-08-06,Basic,month-to-month,$22.94,14 months,1,5,2,yes,card,west,5.0,,No
12981,2025-08-06, basic ,two year,$21.60,14,0,18,4,no,cash,west,5.0,,No
11608,2025-09-05, basic ,month-to-month,18.43,13,0,3,1,yes,upi,north,1.0,competitor,Yes
12136,2025-06-07,basic,two year,18.55,16,1,0,4,no,card,south,5.0,,No
11990,2026-02-02, premium ,two year,$71.56,8,2,11,1,yes,upi,east,5.0,,No
10065,2025-06-07,standard,two year,38.81,16 months,1,10,4,yes,card,east,3.0,,No
12654,2022-03-25,Standard,month-to-month,41.88,55,1,8,2,yes,upi,west,4.0,,No
11815,2025-10-05, basic ,one year,25.50,12 months,0,5,5,yes,netbanking,south,4.0,,No
10275,2026-04-03,basic,month-to-month,$22.94,6,1,29,4,yes,netbanking,west,,other,Yes
10726,2025-07-07,STANDARD,month-to-month,45.50,15,4,33,1,yes,netbanking,east,,,No
11680,2025-06-07,basic,two year,$22.12,16,1,14,5,yes,netbanking,south,3.0,,No
12597,2024-03-14,basic,month-to-month,$21.93,31,1,7,3,no,cash,north,5.0,,No
11150,2026-05-03,standard,two year,$41.69,5 months,2,9,1,yes,cash,south,5.0,,No
12202,2025-08-06,standard,two year,35.81,14 months,1,1,2,yes,netbanking,south,3.0,,No
12662,2023-12-15,premium,two year,73.22,34 months,1,8,3,yes,card,west,4.0,,No
11364,2025-03-09, standard ,two year,34.70,19 months,1,8,4,no,upi,south,1.0,,No
10411,2026-04-03, basic ,one year,22.60,6 months,1,1,1,yes,card,west,4.0,price,Yes
10831,2023-11-15, premium ,two year,$69.05,35,1,9,5,no,cash,south,4.0,,No
10913,2025-01-08,Premium,one year,$65.58,21,0,7,5,yes,cash,west,4.0,,No
12566,2023-01-19,Premium,month-to-month,$68.61,45,2,0,3,yes,upi,south,4.0,,No
12093,2025-12-04,BASIC,month-to-month,24.70,10,4,1,1,no,card,east,4.0,other,Yes
10391,2025-04-08, premium ,one year,64.54,18 months,1,2,4,no,netbanking,south,4.0,,No
12269,2026-05-03,STANDARD,two year,$37.33,5,3,3,3,no,cash,west,4.0,competitor,Yes
12189,2022-02-23, basic ,one year,$23.01,56 months,2,18,4,no,cash,east,1.0,,No
11374,2024-08-11, basic ,one year,$19.80,26,4,20,3,yes,netbanking,east,3.0,other,Yes
12406,2024-09-10,Standard,month-to-month,43.78,25,0,5,2,yes,card,east,5.0,,No
10723,2025-10-05,premium,month-to-month,$68.12,12,0,3,4,yes,cash,south,4.0,,No
10262,2024-08-11, standard ,one year,$40.15,26 months,4,1,3,no,cash,west,4.0,service,Yes
10899,2023-06-18, standard ,month-to-month,$36.10,40 months,0,13,2,yes,card,west,4.0,,No
12244,2023-11-15,Standard,one year,39.63,35,0,7,1,no,netbanking,west,1.0,price,Yes
12164,2026-04-03, standard ,one year,33.91,6,2,2,2,no,cash,east,3.0,other,Yes
10719,2025-03-09,STANDARD,two year,38.85,19,3,42,5,yes,cash,east,5.0,,No
12441,2022-12-20, basic ,month-to-month,19.82,46 months,0,2,4,yes,netbanking,south,5.0,,No
12068,2025-07-07,STANDARD,month-to-month,$40.92,15,0,1,5,yes,cash,north,4.0,,No
12407,2023-09-16,BASIC,one year,$23.12,37,1,16,3,no,netbanking,west,2.0,,No
12913,2025-04-08,Basic,two year,19.89,18,0,21,3,yes,card,north,5.0,,No
10936,2023-10-16,basic,one year,$18.40,36,1,12,3,no,card,west,5.0,,No
12803,2024-10-10,basic,month-to-month,$24.67,24 months,1,22,2,no,netbanking,west,2.0,moved,Yes
10421,2025-12-04,standard,one year,$35.32,10,0,10,4,yes,card,east,2.0,,No
12198,2020-10-31, standard ,one year,43.34,72 months,0,13,2,yes,upi,west,1.0,other,Yes
10010,2023-09-16,Basic,month-to-month,$16.72,37 months,1,5,3,yes,upi,south,1.0,competitor,Yes
11938,2025-09-05,BASIC,month-to-month,$23.16,13 months,3,3,3,yes,card,south,3.0,,No
11120,2025-10-05, basic ,month-to-month,$21.22,12,1,16,4,yes,netbanking,north,1.0,moved,Yes
12966,2025-06-07, standard ,month-to-month,$38.00,16,0,1,1,no,card,west,5.0,,No
10535,2024-12-09,STANDARD,month-to-month,$39.96,22,2,2,5,no,upi,north,3.0,competitor,Yes
10549,2025-12-04,basic,two year,$16.26,10 months,0,11,3,no,card,north,5.0,,No
11585,2023-05-19, standard ,month-to-month,$38.92,41 months,1,0,4,yes,netbanking,south,5.0,,No
10299,2024-05-13, standard ,one year,$38.16,29,2,7,5,no,upi,east,1.0,other,Yes
12171,2023-09-16,STANDARD,one year,$41.69,37,0,15,4,no,card,west,1.0,,No
11386,2023-07-18,Basic,one year,$19.92,39,0,6,3,no,card,west,,service,Yes
12758,2026-03-04,premium,one year,70.23,7,0,10,2,yes,cash,north,5.0,,No
12899,2026-08-01, basic ,month-to-month,$20.30,2 months,1,20,3,no,cash,north,2.0,moved,Yes
12818,2025-12-04, basic ,month-to-month,$16.65,10,2,5,3,yes,card,east,,moved,Yes
11676,2026-06-02,Basic,month-to-month,21.81,4,0,11,2,no,card,west,3.0,moved,Yes
11392,2026-05-03, basic ,month-to-month,$16.76,5 months,0,3,3,yes,cash,north,3.0,,No
10089,2023-01-19,premium,two year,$67.06,45 months,1,11,3,no,upi,north,1.0,,No
11644,2025-01-08, standard ,month-to-month,40.37,21 months,0,19,3,yes,upi,north,1.0,other,Yes
10098,2026-04-03,Standard,one year,$38.66,6,3,8,3,no,netbanking,east,5.0,,No
12100,2025-07-07, basic ,month-to-month,19.17,15,1,30,1,yes,cash,west,5.0,service,Yes
12397,2024-10-10,BASIC,month-to-month,26.14,24 months,0,9,5,yes,netbanking,south,2.0,moved,Yes
10510,2023-03-20,premium,two year,72.66,43,4,25,1,no,cash,west,1.0,service,Yes
12260,2025-10-05,standard,one year,$39.74,12 months,1,4,4,yes,netbanking,east,2.0,,No
10704,2025-10-05,PREMIUM,month-to-month,$72.13,12,0,16,4,yes,card,west,1.0,,No
11970,2025-11-04, standard ,month-to-month,$43.84,11 months,1,5,2,yes,card,north,3.0,,No
12795,2021-11-25,Premium,month-to-month,65.31,59 months,4,51,2,yes,netbanking,east,3.0,competitor,Yes
11046,2025-12-04,STANDARD,one year,41.92,10,1,21,1,yes,cash,west,5.0,,No
11507,2026-05-03,BASIC,two year,$23.42,5,2,1,2,yes,card,east,4.0,,No
10940,2025-01-08, standard ,month-to-month,$39.47,21,0,2,5,no,cash,east,2.0,,No
11430,2022-08-22,Standard,two year,$39.40,50 months,1,9,3,yes,cash,north,4.0,,No
11809,2023-01-19,basic,month-to-month,17.17,45,2,6,5,yes,netbanking,south,2.0,,No
11912,2026-04-03,standard,month-to-month,40.32,6 months,0,11,5,no,upi,north,3.0,moved,Yes
12979,2026-06-02, basic ,one year,21.69,4,1,12,5,yes,cash,east,5.0,,No
10608,2020-10-31,STANDARD,two year,$41.06,72,2,2,4,yes,netbanking,west,2.0,,No
12923,2025-12-04,PREMIUM,month-to-month,71.75,10,2,4,4,yes,netbanking,south,2.0,moved,Yes
12527,2023-12-15,Standard,month-to-month,$38.78,34 months,1,6,3,yes,upi,west,4.0,,No
12540,2026-05-03,Basic,month-to-month,17.55,5,3,9,4,yes,cash,north,2.0,,No
12890,2025-02-07,Basic,one year,$18.31,20,1,6,1,no,netbanking,east,3.0,,No
11071,2023-03-20, premium ,month-to-month,$77.24,43 months,1,7,2,no,card,east,2.0,moved,Yes
12413,2026-07-02, basic ,two year,$17.88,3,2,14,1,no,cash,south,2.0,,No
10297,2024-01-14, standard ,two year,$35.27,33 months,1,0,2,yes,netbanking,east,,,No
10050,2026-03-04, standard ,month-to-month,$41.14,7,1,12,5,no,cash,north,3.0,,No
11512,2024-11-09,Basic,month-to-month,22.06,23,1,10,4,yes,netbanking,east,4.0,,No
10225,2025-11-04, standard ,month-to-month,39.30,11,3,2,4,no,upi,east,3.0,,Yes
11775,2024-04-13,Standard,one year,41.84,30 months,2,2,2,yes,cash,west,2.0,,No
11244,2024-06-12,STANDARD,month-to-month,$37.13,28 months,2,7,4,no,card,west,1.0,price,Yes
11922,2026-07-02,STANDARD,one year,$37.49,3,0,4,1,yes,cash,west,1.0,,No
10851,2024-08-11,premium,month-to-month,$69.90,26 months,0,12,2,no,netbanking,north,5.0,,No
11786,2025-12-04,STANDARD,one year,$34.97,10,1,8,2,yes,cash,east,2.0,,No
12696,2025-03-09,Basic,month-to-month,$24.99,19,2,5,4,yes,card,north,3.0,other,Yes
11226,2025-12-04, basic ,two year,$21.07,10,1,20,3,yes,netbanking,east,4.0,,No
10563,2025-11-04,standard,one year,40.21,11 months,1,2,1,yes,card,east,4.0,,No
12671,2024-03-14,Basic,month-to-month,21.16,31,0,4,4,yes,netbanking,east,,,No
12853,2023-05-19,BASIC,month-to-month,$16.94,41,1,1,5,yes,upi,east,4.0,,Yes
10605,2025-04-08, premium ,two year,73.19,18 months,3,13,4,yes,netbanking,east,3.0,,No
10443,2023-07-18,PREMIUM,one year,$65.49,39,1,4,4,no,cash,north,3.0,,No
12473,2025-12-04,PREMIUM,month-to-month,$67.46,10,3,7,5,yes,card,north,3.0,,No
11599,2025-09-05,Basic,month-to-month,20.95,13,3,23,1,no,upi,south,4.0,moved,Yes
11025,2025-09-05, standard ,month-to-month,$45.08,13,0,1,4,yes,cash,west,5.0,,No
12588,2025-03-09,basic,month-to-month,22.75,19 months,0,33,3,yes,upi,east,3.0,price,Yes
12816,2026-01-03,Basic,one year,$20.66,9,0,1,2,yes,card,east,4.0,,No
12811,2026-03-04, basic ,one year,$15.22,7,1,33,5,yes,cash,south,3.0,,No
12917,2024-07-12, basic ,month-to-month,$15.32,27 months,2,1,2,yes,upi,north,3.0,,No
12738,2023-06-18, premium ,month-to-month,$73.44,40,0,12,5,no,card,east,2.0,,No
10188,2023-04-19,BASIC,month-to-month,$22.91,42 months,2,21,1,no,upi,east,2.0,,No
10407,2026-05-03,STANDARD,month-to-month,38.44,5 months,2,3,4,no,cash,south,5.0,other,Yes
11173,2023-10-16,STANDARD,two year,37.59,36,1,1,3,yes,netbanking,south,5.0,,No
12800,2022-08-22,BASIC,two year,$26.16,50,1,4,5,no,cash,east,4.0,,No
11958,2020-10-31,STANDARD,month-to-month,$41.10,72 months,1,2,5,yes,cash,south,3.0,,No
10462,2024-11-09,standard,month-to-month,$36.05,23,1,6,4,yes,cash,east,2.0,price,Yes
10671,2025-05-08,premium,two year,69.64,17,2,16,2,yes,netbanking,west,2.0,,No
12704,2023-09-16,standard,month-to-month,43.61,37,0,16,2,yes,upi,north,5.0,,No
12834,2024-10-10,BASIC,month-to-month,$17.96,24,2,5,2,yes,upi,east,2.0,,No
11958,2020-10-31,STANDARD,month-to-month,$41.10,72 months,1,2,5,yes,cash,south,3.0,,No
10715,2022-12-20,STANDARD,month-to-month,$41.56,46 months,0,39,2,no,netbanking,west,2.0,,No
11351,2023-05-19,standard,month-to-month,40.90,41,0,7,1,no,cash,east,3.0,,No
10425,2024-05-13,basic,month-to-month,24.53,29,1,8,5,no,netbanking,south,1.0,service,Yes
12092,2025-04-08,STANDARD,two year,$34.95,18,0,1,4,no,cash,east,3.0,,No
12710,2025-10-05, standard ,month-to-month,43.57,12,2,2,5,yes,cash,south,4.0,,No
10636,2024-02-13,premium,month-to-month,$66.69,32,2,3,3,yes,upi,north,3.0,other,Yes
10529,2024-12-09,basic,month-to-month,18.27,22 months,0,20,4,yes,card,west,3.0,,No
12267,2024-09-10, standard ,one year,$45.04,25,0,18,2,no,cash,south,3.0,,No
11766,2023-06-18, basic ,month-to-month,$14.93,40 months,1,4,2,yes,upi,west,4.0,,No
12869,2020-10-31, standard ,two year,$36.63,72 months,1,5,1,no,upi,east,2.0,,No
11509,2025-06-07, premium ,month-to-month,73.03,16 months,0,5,3,no,card,south,1.0,price,Yes
12999,2025-08-06,Basic,month-to-month,$23.71,14 months,1,1,1,yes,card,south,3.0,,Yes
12904,2023-08-17,BASIC,one year,$28.97,38,3,21,1,yes,card,north,2.0,,No
11499,2024-12-09, standard ,month-to-month,$40.52,22,2,2,4,no,cash,west,5.0,other,Yes
10610,2026-08-31,PREMIUM,two year,$68.01,1 months,1,5,3,no,upi,south,2.0,,Yes
10486,2025-10-05,BASIC,month-to-month,19.39,12,3,1,5,yes,upi,south,,,No
11479,2021-02-28,Standard,month-to-month,$38.98,68,2,7,3,no,cash,east,3.0,moved,Yes
11086,2024-08-11,standard,month-to-month,$40.97,26 months,2,8,1,yes,upi,south,1.0,,No
12130,2024-04-13, premium ,month-to-month,$73.74,30,0,0,1,no,cash,west,1.0,,No
11705,2023-03-20,premium,month-to-month,$71.58,43 months,1,3,5,yes,upi,east,5.0,,No
10325,2026-04-03,basic,one year,23.85,6,2,4,3,yes,netbanking,west,2.0,,No
10020,2026-01-03,STANDARD,month-to-month,$41.22,9 months,1,38,4,yes,netbanking,west,,price,Yes
12503,2025-06-07, standard ,two year,$44.26,16,2,2,2,no,card,east,4.0,,No
10839,2025-06-07,basic,one year,17.92,16 months,0,3,4,yes,upi,north,3.0,,No
12022,2026-02-02, premium ,two year,65.92,8 months,2,21,3,yes,cash,south,4.0,,No
12807,2026-06-02,basic,month-to-month,21.95,4,0,1,2,no,netbanking,east,1.0,competitor,Yes
11674,2020-10-31, standard ,two year,$39.80,72 months,0,5,5,yes,card,east,2.0,,No
11341,2024-06-12,STANDARD,one year,$40.70,28 months,1,7,4,yes,netbanking,east,2.0,,No
12083,2023-10-16,premium,two year,$77.91,36,2,3,2,no,cash,east,2.0,,No
12857,2023-12-15, standard ,one year,$40.11,34,1,4,1,yes,netbanking,south,1.0,,No
11791,2024-01-14,basic,month-to-month,$21.06,33 months,1,2,4,yes,upi,west,4.0,,No
11613,2026-01-03, basic ,month-to-month,$21.06,9,1,12,5,no,netbanking,north,2.0,other,Yes
12953,2022-08-22,Basic,month-to-month,$21.25,50 months,0,2,3,no,card,north,3.0,,No
11523,2024-10-10,STANDARD,month-to-month,$40.13,24,0,3,2,no,card,east,5.0,moved,Yes
10801,2026-02-02,Standard,month-to-month,45.02,8,1,8,2,yes,card,west,2.0,service,Yes
11580,2024-10-10, standard ,one year,37.70,24,1,7,4,no,upi,south,2.0,price,Yes
10097,2024-02-13,STANDARD,one year,$39.28,32 months,0,28,1,no,card,east,,,No
12495,2023-06-18,Standard,month-to-month,$41.15,40 months,1,55,4,yes,cash,west,1.0,moved,Yes
10475,2026-04-03,BASIC,one year,$11.21,6 months,0,2,3,no,card,east,5.0,,No
11789,2025-07-07,premium,two year,$70.69,15 months,1,4,5,yes,cash,west,3.0,competitor,Yes
10367,2025-08-06,standard,month-to-month,$47.29,14,0,7,1,yes,netbanking,north,2.0,other,Yes
11898,2024-04-13,Basic,one year,11.83,30,2,13,5,no,cash,west,3.0,,No
11722,2025-05-08,STANDARD,month-to-month,$34.47,17,0,0,1,no,netbanking,west,2.0,,No
11910,2022-11-20,STANDARD,month-to-month,$40.38,47,0,0,4,yes,cash,south,4.0,,No
12555,2024-12-09,premium,month-to-month,$68.22,22 months,2,7,1,yes,card,east,4.0,moved,Yes
10761,2023-05-19,basic,month-to-month,19.02,41 months,1,3,2,no,upi,north,2.0,service,Yes
10919,2021-10-26,standard,month-to-month,44.90,60 months,2,3,3,yes,cash,west,3.0,,No
11426,2025-07-07,Basic,two year,16.48,15,0,11,3,yes,upi,south,2.0,,No
12808,2026-02-02,Premium,month-to-month,68.27,8,2,3,1,yes,card,north,2.0,service,Yes
10393,2026-07-02,basic,month-to-month,19.42,3,1,4,5,no,cash,east,1.0,competitor,Yes
11770,2025-06-07,basic,month-to-month,$24.01,16 months,2,12,4,no,cash,east,3.0,,No
10507,2021-04-29, standard ,month-to-month,$44.07,66,0,3,3,no,upi,south,,,No
10435,2025-05-08, premium ,month-to-month,72.43,17 months,2,50,3,yes,cash,west,1.0,price,Yes
12697,2025-03-09,standard,one year,$42.68,19 months,2,2,1,yes,cash,east,1.0,,No
12991,2025-02-07,standard,month-to-month,$37.98,20,2,3,1,yes,netbanking,west,1.0,other,Yes
12048,2024-11-09,Standard,month-to-month,35.91,23,1,4,4,yes,cash,north,5.0,competitor,Yes
11832,2022-04-24,STANDARD,one year,37.69,54,2,45,5,yes,cash,north,2.0,moved,Yes
11586,2025-05-08,Premium,month-to-month,$71.81,17 months,0,4,2,no,netbanking,east,3.0,other,Yes
10302,2024-02-13,Basic,two year,$22.77,32,2,4,5,yes,card,south,4.0,,No
10133,2025-03-09,Standard,month-to-month,$38.37,19 months,0,19,3,yes,upi,south,2.0,service,Yes
11589,2024-02-13,standard,two year,$39.56,32,3,0,2,yes,upi,south,5.0,,No
12499,2023-01-19, basic ,month-to-month,$24.49,45,1,8,1,no,card,east,3.0,,No
10032,2023-12-15,Standard,month-to-month,$42.83,34 months,2,7,3,no,card,east,2.0,competitor,Yes
12170,2023-08-17,standard,two year,$41.89,38,0,17,1,no,card,west,2.0,,No
11376,2022-08-22,Standard,two year,$45.05,50 months,2,1,4,no,cash,east,4.0,,No
11327,2025-10-05,BASIC,month-to-month,23.93,12 months,3,1,3,yes,upi,north,3.0,other,Yes
11113,2024-11-09,Basic,month-to-month,$18.15,23 months,1,30,1,yes,cash,east,4.0,,No
11350,2025-11-04,Premium,month-to-month,72.05,11 months,0,10,5,yes,card,south,1.0,,No
10256,2025-11-04, premium ,month-to-month,$72.72,11,1,51,5,yes,card,east,1.0,other,Yes
10893,2025-01-08,BASIC,two year,$17.54,21 months,2,2,2,no,card,west,3.0,,No
12408,2025-06-07,Standard,one year,36.48,16,0,20,1,no,netbanking,north,1.0,other,Yes
10052,2025-11-04,Basic,month-to-month,20.60,11,3,13,1,yes,cash,east,1.0,,Yes
10876,2024-01-14,Basic,one year,$16.95,33 months,1,7,5,yes,card,south,2.0,,No
10939,2024-10-10,Standard,one year,$45.32,24 months,1,21,3,yes,upi,south,3.0,,No
12821,2022-08-22,standard,one year,42.69,50,3,1,1,yes,cash,south,2.0,,No
11127,2025-08-06,premium,month-to-month,$73.77,14,0,29,4,no,cash,south,5.0,price,Yes
11220,2023-11-15,premium,month-to-month,$75.28,35 months,2,9,2,no,card,north,2.0,service,Yes
12728,2026-01-03,PREMIUM,month-to-month,$64.10,9,0,14,2,yes,cash,south,5.0,service,Yes
12854,2024-09-10,BASIC,month-to-month,15.70,25,3,5,4,yes,cash,south,3.0,moved,Yes
10125,2025-12-04, basic ,month-to-month,$18.11,10 months,0,2,2,no,card,south,1.0,,No
12453,2023-06-18, standard ,month-to-month,40.57,40,1,26,2,yes,cash,north,5.0,,No
12779,2024-09-10,STANDARD,one year,38.62,25,2,4,5,no,netbanking,east,3.0,,No
12880,2026-05-03, standard ,one year,$40.78,5,1,4,3,yes,cash,east,1.0,,No
11072,2023-02-18,STANDARD,month-to-month,$37.00,44,1,50,2,no,upi,north,5.0,,No
12774,2023-11-15,Basic,two year,19.67,35,1,7,2,no,upi,west,2.0,,No
12636,2026-01-03,Basic,two year,$18.00,9 months,1,11,2,no,card,east,3.0,,No
12656,2026-02-02,PREMIUM,month-to-month,$70.95,8 months,5,34,3,yes,card,north,1.0,moved,Yes
10434,2025-12-04, standard ,month-to-month,$38.21,10 months,1,9,2,no,upi,west,2.0,price,Yes
10675,2024-06-12,STANDARD,one year,$40.67,28,2,13,4,yes,card,west,3.0,,No
12409,2023-03-20,standard,month-to-month,40.04,43,2,21,1,yes,card,east,4.0,,No
11100,2024-11-09,PREMIUM,month-to-month,$72.35,23,4,2,3,no,cash,north,2.0,competitor,Yes
12515,2023-08-17,basic,one year,$23.21,38 months,2,12,3,no,cash,north,2.0,,No
12348,2025-08-06,Basic,month-to-month,20.47,14 months,2,11,1,yes,netbanking,west,4.0,service,Yes
11609,2024-11-09, standard ,one year,$43.78,23,2,3,5,yes,cash,east,5.0,,No
12542,2026-06-02,Standard,two year,$33.77,4 months,2,3,4,yes,netbanking,west,1.0,,No
12576,2026-04-03,basic,month-to-month,$25.42,6 months,1,14,3,yes,upi,east,,,Yes
